Asset,Open time,Open,High,Low,Close,Volume,Close time,quote_asset_volume,number_of_trades,taker_buy_base_asset_volume,taker_buy_quote_asset_volume,ignore
BTCUSDT,1682812800000,29230.45000000,29969.39000000,29079.59000000,29233.21000000,39752.53720000,1682899199999,1172155267.87618970,949458,19894.27252000,586711670.55607390,0
BTCUSDT,1682899200000,29233.20000000,29337.34000000,27666.95000000,28068.26000000,64433.65958000,1682985599999,1828221138.95443980,1362793,30761.92690000,872712018.18082540,0
BTCUSDT,1682985600000,28068.26000000,28879.88000000,27872.00000000,28669.86000000,50824.52240000,1683071999999,1441733922.01164440,1174697,24789.36748000,703206831.78018060,0
BTCUSDT,1683072000000,28669.85000000,29266.66000000,28113.69000000,29026.16000000,64615.79213000,1683158399999,1845961218.84324360,1502909,32291.20998000,922549963.25075790,0
BTCUSDT,1683158400000,29026.16000000,29379.83000000,28663.64000000,28838.16000000,42575.47501000,1683244799999,1233816136.16065770,961542,20470.21240000,593281438.93813760,0
BTCUSDT,1683244800000,28838.16000000,29677.00000000,28800.00000000,29505.61000000,58415.83048000,1683331199999,1709786814.90113400,1288027,29071.98606000,850975342.64243030,0
BTCUSDT,1683331200000,29505.60000000,29820.00000000,28300.00000000,28848.20000000,49249.28459000,1683417599999,1429517892.78050220,1221021,23315.95073000,676717267.01172240,0
BTCUSDT,1683417600000,28848.19000000,29138.29000000,28395.23000000,28430.10000000,30003.41028000,1683503999999,865838535.32638210,855425,14904.01102000,430162358.62942520,0
BTCUSDT,1683504000000,28430.09000000,28631.01000000,27262.00000000,27668.79000000,68244.36179000,1683590399999,1903052694.66841270,1600637,32347.56935000,901988104.11036000,0
BTCUSDT,1683590400000,27668.80000000,27818.00000000,27353.00000000,27628.27000000,40113.31069000,1683676799999,1106923908.30584690,1003698,20094.09737000,554561922.80537130,0
BTCUSDT,1683676800000,27628.28000000,28331.42000000,26777.00000000,27598.75000000,71155.11355000,1683763199999,1971173412.43550200,1534579,34398.83676000,953153016.50961890,0
BTCUSDT,1683763200000,27598.74000000,27630.14000000,26702.05000000,26968.62000000,47635.31365000,1683849599999,1295799109.01100400,1257000,23270.11723000,632925807.49257740,0
BTCUSDT,1683849600000,26968.61000000,27091.12000000,25811.46000000,26795.01000000,67207.93494000,1683935999999,1777052127.73109300,1351633,33147.27251000,876487224.25504230,0
BTCUSDT,1683936000000,26795.01000000,27045.45000000,26692.03000000,26775.28000000,22814.90421000,1684022399999,612062852.08668820,605049,10959.29947000,294038915.03262630,0
BTCUSDT,1684022400000,26775.27000000,27200.00000000,26560.53000000,26917.62000000,21594.80360000,1684108799999,580801698.00026930,629537,10672.14983000,287060095.33152760,0
BTCUSDT,1684108800000,26917.61000000,27663.59000000,26726.00000000,27162.14000000,40430.08333000,1684195199999,1104633264.13157390,935914,19301.24631000,527237637.33101340,0
BTCUSDT,1684195200000,27162.15000000,27296.89000000,26852.11000000,27033.84000000,33270.45451000,1684281599999,900273404.60103310,815642,15970.99932000,432214355.05613440,0
BTCUSDT,1684281600000,27033.85000000,27500.00000000,26544.71000000,27405.61000000,42958.97785000,1684367999999,1159714527.63526350,1016823,21634.02212000,584185553.79130670,0
BTCUSDT,1684368000000,27405.62000000,27485.33000000,26361.20000000,26821.28000000,49198.65143000,1684454399999,1330745572.69463720,1057318,23659.89374000,640128055.90684370,0
BTCUSDT,1684454400000,26821.28000000,27183.60000000,26630.00000000,26880.26000000,28754.13544000,1684540799999,772864757.16330480,756295,13622.24812000,366169697.38708070,0
BTCUSDT,1684540800000,26880.26000000,27150.00000000,26825.11000000,27102.43000000,14434.54718000,1684627199999,389225653.74516690,481382,6769.94368000,182562924.63416340,0
BTCUSDT,1684627200000,27102.42000000,27277.55000000,26666.03000000,26747.78000000,21347.87279000,1684713599999,575213570.27944220,568937,9855.43959000,265526847.33206750,0
BTCUSDT,1684713600000,26747.78000000,27099.89000000,26538.21000000,26849.27000000,26458.83828000,1684799999999,709594996.72427440,717111,12639.67925000,338982776.45968190,0
BTCUSDT,1684800000000,26849.28000000,27495.83000000,26798.11000000,27219.61000000,38700.83858000,1684886399999,1054565781.60237520,816399,18966.20117000,516737777.26524950,0
BTCUSDT,1684886400000,27219.61000000,27219.61000000,26080.50000000,26329.01000000,54393.06570000,1684972799999,1442636235.45435520,1012767,26698.91191000,707870181.81634380,0
BTCUSDT,1684972800000,26329.00000000,26631.98000000,25871.89000000,26473.79000000,37435.44895000,1685059199999,984117789.70176120,753125,17773.08882000,467287939.93959180,0
BTCUSDT,1685059200000,26473.80000000,26932.16000000,26327.24000000,26705.92000000,35061.18713000,1685145599999,932817724.59401000,655755,16507.37461000,439209106.74467190,0
BTCUSDT,1685145600000,26705.93000000,26895.00000000,26551.00000000,26854.27000000,15095.68670000,1685231999999,403337263.03449080,415694,7152.30076000,191116596.77267230,0
BTCUSDT,1685232000000,26854.28000000,28261.32000000,26764.36000000,28065.00000000,43916.00855000,1685318399999,1205762341.97049520,843861,23346.55866000,640869473.60044430,0
BTCUSDT,1685318400000,28065.01000000,28447.14000000,27524.60000000,27736.40000000,42385.41945000,1685404799999,1182678581.63466910,805579,20199.85331000,563722083.65919410,0
BTCUSDT,1685404800000,27736.39000000,28038.59000000,27554.00000000,27694.40000000,32686.75371000,1685491199999,908653906.00727420,745633,15196.52438000,422438614.85257250,0
BTCUSDT,1685491200000,27694.39000000,27835.51000000,26839.01000000,27210.35000000,46588.80573000,1685577599999,1265952178.77986840,908537,21962.66824000,596493723.43926400,0
BTCUSDT,1685577600000,27210.36000000,27350.00000000,26605.05000000,26817.93000000,39217.80880000,1685663999999,1055132509.86583420,814389,18620.69161000,500960557.92278290,0
BTCUSDT,1685664000000,26817.93000000,27300.00000000,26505.00000000,27242.59000000,36380.90269000,1685750399999,983857061.64084190,811087,18134.67738000,490485191.78806760,0
BTCUSDT,1685750400000,27242.59000000,27333.29000000,26914.93000000,27069.22000000,16595.34117000,1685836799999,450588672.47040810,466520,7745.78680000,210327639.56108250,0
BTCUSDT,1685836800000,27069.22000000,27455.02000000,26951.00000000,27115.21000000,19258.41049000,1685923199999,523747237.43896960,504474,9511.72432000,258699846.47588030,0
BTCUSDT,1685923200000,27115.20000000,27129.33000000,25388.00000000,25728.20000000,65805.60305000,1686009599999,1722665798.09203020,1420829,30583.35138000,799867474.21258980,0
BTCUSDT,1686009600000,25728.20000000,27355.33000000,25351.02000000,27230.08000000,68392.60438000,1686095999999,1797636024.08121260,1345725,35083.78790000,922716234.21001140,0
BTCUSDT,1686096000000,27230.07000000,27391.77000000,26125.01000000,26339.34000000,59619.44364000,1686182399999,1589291467.53723290,1311928,28095.50924000,749083400.12038920,0
BTCUSDT,1686182400000,26339.34000000,26810.00000000,26210.00000000,26498.61000000,31075.51083000,1686268799999,823023638.23687500,848252,14614.60741000,387105933.43997990,0
BTCUSDT,1686268800000,26498.62000000,26783.33000000,26269.91000000,26477.81000000,27934.70970000,1686355199999,741158215.05390230,746911,12757.07361000,338454644.89561430,0
BTCUSDT,1686355200000,26477.80000000,26533.87000000,25358.00000000,25841.21000000,64944.60108000,1686441599999,1673795235.40089230,1713871,31558.13098000,813190388.24856080,0
BTCUSDT,1686441600000,25841.22000000,26206.88000000,25634.70000000,25925.55000000,30014.29595000,1686527999999,776111471.86699710,833902,14266.10759000,368954010.80744420,0
BTCUSDT,1686528000000,25925.54000000,26106.48000000,25602.11000000,25905.19000000,29900.50893000,1686614399999,773303698.86332210,858037,14219.97114000,367770742.66004000,0
BTCUSDT,1686614400000,25905.20000000,26433.21000000,25712.57000000,25934.25000000,41065.60853000,1686700799999,1068985236.51265540,1007138,20120.32689000,523776704.24149100,0
BTCUSDT,1686700800000,25934.24000000,26098.00000000,24820.56000000,25128.60000000,45077.31608000,1686787199999,1152808416.91979290,957418,20726.13761000,530122336.37885320,0
BTCUSDT,1686787200000,25128.60000000,25759.01000000,24800.00000000,25598.49000000,48664.86063000,1686873599999,1224436974.85028730,943268,24035.81623000,604884325.24625680,0
BTCUSDT,1686873600000,25598.49000000,26518.00000000,25175.56000000,26345.00000000,51596.91662000,1686959999999,1335158158.63961400,926194,24055.65943000,622525707.60499810,0
BTCUSDT,1686960000000,26345.01000000,26839.99000000,26181.00000000,26516.99000000,27842.21950000,1687046399999,738491809.88116250,666967,13843.65158000,367248705.00540730,0
BTCUSDT,1687046400000,26516.99000000,26700.00000000,26255.85000000,26339.97000000,21538.31022000,1687132799999,571013013.85533620,555956,10367.07533000,274864183.44428690,0
BTCUSDT,1687132800000,26339.98000000,27068.09000000,26256.61000000,26844.35000000,35872.65974000,1687219199999,954193987.29481130,732735,17593.19977000,468128198.05453100,0
BTCUSDT,1687219200000,26844.35000000,28402.74000000,26652.00000000,28307.99000000,69666.95525000,1687305599999,1912797983.53100540,1189024,35052.57462000,962782935.68992990,0
BTCUSDT,1687305600000,28308.00000000,30800.00000000,28257.99000000,29993.89000000,108926.40412000,1687391999999,3210301129.36629090,1872873,55846.96952000,1646165465.24493830,0
BTCUSDT,1687392000000,29993.89000000,30500.00000000,29525.61000000,29884.92000000,59054.56460000,1687478399999,1775822103.76325550,1146092,27902.93312000,839284260.17982540,0
BTCUSDT,1687478400000,29884.92000000,31431.94000000,29800.00000000,30688.50000000,73931.89635000,1687564799999,2265077496.19546880,1338533,36289.31740000,1112439184.95065560,0
BTCUSDT,1687564800000,30688.51000000,30800.00000000,30250.00000000,30527.43000000,30513.30135000,1687651199999,933244397.70400210,776343,14497.56447000,443500647.92208220,0
BTCUSDT,1687651200000,30527.44000000,31046.01000000,30277.49000000,30462.66000000,30223.44801000,1687737599999,926316644.41676650,789910,14627.97473000,448414594.55878750,0
BTCUSDT,1687737600000,30462.67000000,30666.00000000,29930.00000000,30267.99000000,45180.41489000,1687823999999,1367837657.54518250,954783,22277.58284000,674540668.57266040,0
BTCUSDT,1687824000000,30267.99000000,30994.97000000,30226.17000000,30692.44000000,42699.64157000,1687910399999,1306206257.01935710,824373,21151.29517000,647203906.76564110,0
BTCUSDT,1687910400000,30692.44000000,30709.74000000,29858.80000000,30077.41000000,40463.51937000,1687996799999,1224103637.61325620,895470,19176.75428000,580226725.83338870,0
BTCUSDT,1687996800000,30077.40000000,30843.98000000,30049.98000000,30447.31000000,36330.62903000,1688083199999,1107940389.92424060,758428,17834.38857000,543872730.26172690,0
BTCUSDT,1688083200000,30447.31000000,31282.00000000,29500.00000000,30472.00000000,89419.07618000,1688169599999,2726355505.50635030,1559366,44319.81254000,1351735332.85857690,0
ETHUSDT,1682812800000,1907.79000000,1939.00000000,1866.16000000,1870.09000000,355336.48880000,1682899199999,677913240.81466200,552933,176787.43370000,337334018.00262500,0
ETHUSDT,1682899200000,1870.08000000,1886.49000000,1806.12000000,1830.73000000,445519.17790000,1682985599999,818821593.69484900,647788,220514.81130000,405281273.92910800,0
ETHUSDT,1682985600000,1830.73000000,1881.87000000,1822.94000000,1870.08000000,373753.20270000,1683071999999,690907892.11045500,563768,184439.10310000,340877324.21815800,0
ETHUSDT,1683072000000,1870.09000000,1916.52000000,1842.64000000,1905.12000000,465185.25010000,1683158399999,871222153.95979200,751579,239749.08060000,449104177.86407200,0
ETHUSDT,1683158400000,1905.12000000,1918.26000000,1866.71000000,1877.07000000,354528.61440000,1683244799999,670584503.65961900,525802,172127.95090000,325526383.58993200,0
ETHUSDT,1683244800000,1877.07000000,1998.36000000,1875.65000000,1993.30000000,546608.87500000,1683331199999,1061183389.06811200,803612,281818.21880000,546945491.99312300,0
ETHUSDT,1683331200000,1993.30000000,2019.00000000,1860.00000000,1896.33000000,608106.99150000,1683417599999,1169939393.31277700,868626,309602.22270000,595756528.40079700,0
ETHUSDT,1683417600000,1896.33000000,1933.33000000,1867.59000000,1870.40000000,413268.83570000,1683503999999,787566158.19845600,625667,198046.18760000,377209171.37210500,0
ETHUSDT,1683504000000,1870.41000000,1883.97000000,1810.73000000,1847.56000000,625316.61680000,1683590399999,1157603209.76185400,885693,308193.85070000,570302849.74666500,0
ETHUSDT,1683590400000,1847.55000000,1861.88000000,1830.99000000,1846.52000000,304396.18600000,1683676799999,561440259.79089500,517737,154195.20710000,284409845.64507900,0
ETHUSDT,1683676800000,1846.53000000,1887.47000000,1790.51000000,1840.84000000,639933.38550000,1683763199999,1182254717.03221500,802140,315762.39530000,583244341.86798100,0
ETHUSDT,1683763200000,1840.83000000,1842.02000000,1772.68000000,1794.30000000,522096.07250000,1683849599999,944525427.02794200,679625,256341.50350000,463715175.20427200,0
ETHUSDT,1683849600000,1794.31000000,1818.63000000,1740.00000000,1807.45000000,565539.83090000,1683935999999,1002104362.59441100,696930,272766.58150000,483569848.95791600,0
ETHUSDT,1683936000000,1807.45000000,1817.03000000,1785.23000000,1795.11000000,212895.43730000,1684022399999,383397322.74478100,342566,107960.56180000,194416969.77728900,0
ETHUSDT,1684022400000,1795.12000000,1824.00000000,1789.82000000,1799.21000000,218101.09770000,1684108799999,393557662.80186000,348092,112091.49980000,202267370.36955800,0
ETHUSDT,1684108800000,1799.20000000,1846.70000000,1785.05000000,1816.20000000,388171.92610000,1684195199999,708011632.17470900,503728,200878.52120000,366433193.42835400,0
ETHUSDT,1684195200000,1816.21000000,1832.64000000,1796.20000000,1824.21000000,311238.67860000,1684281599999,565367254.10677700,466058,145796.26840000,264839999.72631800,0
ETHUSDT,1684281600000,1824.21000000,1837.50000000,1783.68000000,1822.12000000,352097.99130000,1684367999999,637776970.83385500,524718,174614.82380000,316362266.89123300,0
ETHUSDT,1684368000000,1822.12000000,1831.92000000,1771.12000000,1800.56000000,293755.31100000,1684454399999,531357170.82715200,480171,142539.40530000,257898809.71807600,0
ETHUSDT,1684454400000,1800.56000000,1829.54000000,1796.81000000,1812.32000000,243116.46760000,1684540799999,440291732.35087900,390917,125305.64520000,226950073.64205800,0
ETHUSDT,1684540800000,1812.31000000,1828.87000000,1807.06000000,1819.42000000,127754.43490000,1684627199999,232010582.30662800,272744,67168.56350000,122004402.44592800,0
ETHUSDT,1684627200000,1819.42000000,1828.98000000,1797.21000000,1804.91000000,161517.80530000,1684713599999,292535613.87812400,308391,76815.25180000,139145313.56843900,0
ETHUSDT,1684713600000,1804.91000000,1828.27000000,1792.01000000,1817.35000000,237498.94230000,1684799999999,430673377.91665300,411867,123914.68840000,224774189.86708500,0
ETHUSDT,1684800000000,1817.36000000,1872.50000000,1815.24000000,1854.05000000,396869.60970000,1684886399999,734581474.72246600,548587,222549.77690000,411731244.57850600,0
ETHUSDT,1684886400000,1854.06000000,1854.09000000,1777.60000000,1799.89000000,420846.14450000,1684972799999,761360360.59788700,554307,193455.11130000,349797434.17615900,0
ETHUSDT,1684972800000,1799.89000000,1818.81000000,1761.41000000,1805.60000000,350633.00890000,1685059199999,628769352.44257100,482899,164410.16270000,294794104.35496200,0
ETHUSDT,1685059200000,1805.61000000,1838.20000000,1796.99000000,1827.79000000,275690.68540000,1685145599999,501773973.87993700,375854,140633.10750000,255923842.59407100,0
ETHUSDT,1685145600000,1827.80000000,1836.12000000,1812.18000000,1829.89000000,138824.94060000,1685231999999,253710138.25056300,276383,69580.64790000,127156321.87459000,0
ETHUSDT,1685232000000,1829.89000000,1918.65000000,1823.60000000,1908.64000000,378392.43710000,1685318399999,705699886.22948800,549727,194805.86070000,363152161.53674800,0
ETHUSDT,1685318400000,1908.64000000,1927.62000000,1873.65000000,1892.60000000,313593.49420000,1685404799999,596236148.90988500,445895,158390.34480000,301175186.43959400,0
ETHUSDT,1685404800000,1892.60000000,1917.00000000,1881.19000000,1900.59000000,272665.84020000,1685491199999,519059196.24741600,422249,134288.16090000,255644547.73762700,0
ETHUSDT,1685491200000,1900.58000000,1907.13000000,1846.95000000,1873.63000000,319255.56810000,1685577599999,597360395.54403400,451133,149451.08700000,279624016.04226000,0
ETHUSDT,1685577600000,1873.63000000,1889.20000000,1840.00000000,1861.78000000,270496.60970000,1685663999999,504448237.27338000,422899,132786.93240000,247622735.20923100,0
ETHUSDT,1685664000000,1861.78000000,1910.00000000,1847.51000000,1906.68000000,313004.06580000,1685750399999,591169483.09944700,456788,157874.04030000,298230534.99306600,0
ETHUSDT,1685750400000,1906.69000000,1907.92000000,1881.60000000,1892.06000000,148818.24270000,1685836799999,282550389.94668800,292512,71248.10150000,135269927.94934600,0
ETHUSDT,1685836800000,1892.05000000,1914.63000000,1884.22000000,1890.01000000,172683.01190000,1685923199999,328166899.06235400,289973,85783.12010000,163026354.23802600,0
ETHUSDT,1685923200000,1890.00000000,1890.63000000,1778.00000000,1810.50000000,555361.26830000,1686009599999,1017689609.36225600,688879,253634.64500000,464638835.75944900,0
ETHUSDT,1686009600000,1810.49000000,1898.29000000,1797.18000000,1884.64000000,491407.21740000,1686095999999,907660359.42596600,616201,254098.02440000,469823908.55393200,0
ETHUSDT,1686096000000,1884.65000000,1897.80000000,1821.18000000,1832.13000000,429196.70640000,1686182399999,796856688.86671300,594071,201074.79930000,373411267.73444600,0
ETHUSDT,1686182400000,1832.12000000,1861.28000000,1828.31000000,1845.64000000,189270.48530000,1686268799999,349160385.10498000,347990,89218.13060000,164597259.31850700,0
ETHUSDT,1686268800000,1845.65000000,1855.00000000,1827.00000000,1840.37000000,198324.32520000,1686355199999,365037779.74288700,354623,92841.28830000,170881394.31631400,0
ETHUSDT,1686355200000,1840.37000000,1844.99000000,1715.03000000,1751.53000000,652324.66950000,1686441599999,1148312156.52559600,877410,298962.65330000,525884490.13860500,0
ETHUSDT,1686441600000,1751.52000000,1778.25000000,1738.72000000,1752.76000000,219956.24340000,1686527999999,385656545.95023800,378921,104970.10390000,184058191.29345500,0
ETHUSDT,1686528000000,1752.77000000,1759.33000000,1720.00000000,1742.57000000,302132.48190000,1686614399999,525467514.61960900,467392,154579.04660000,268848228.17760000,0
ETHUSDT,1686614400000,1742.57000000,1770.13000000,1724.22000000,1740.12000000,284268.00180000,1686700799999,495907901.66849300,498880,147060.37350000,256562479.93400000,0
ETHUSDT,1686700800000,1740.12000000,1750.03000000,1630.43000000,1650.95000000,415847.32700000,1686787199999,705586390.23398100,572996,198035.00600000,335772562.74237700,0
ETHUSDT,1686787200000,1650.95000000,1680.91000000,1626.01000000,1666.96000000,370774.76960000,1686873599999,611499814.54217600,458568,192425.51560000,317419943.08694800,0
ETHUSDT,1686873600000,1666.96000000,1729.50000000,1649.86000000,1717.92000000,311734.59040000,1686959999999,525393264.96220100,408176,158600.07400000,267168521.19164600,0
ETHUSDT,1686960000000,1717.91000000,1770.00000000,1714.26000000,1727.76000000,210914.92160000,1687046399999,366944179.32063700,359758,107260.84850000,186631806.83369700,0
ETHUSDT,1687046400000,1727.75000000,1747.84000000,1712.00000000,1720.95000000,156535.01280000,1687132799999,270948973.41748400,273858,79223.60390000,137159225.73341200,0
ETHUSDT,1687132800000,1720.95000000,1752.19000000,1698.00000000,1737.11000000,245162.75890000,1687219199999,422827205.77548900,366143,120432.59420000,207735564.79235500,0
ETHUSDT,1687219200000,1737.10000000,1796.99000000,1714.72000000,1791.99000000,328855.68460000,1687305599999,577529266.78921700,459724,168345.97910000,295848851.47750900,0
ETHUSDT,1687305600000,1791.99000000,1901.00000000,1787.38000000,1889.11000000,613755.88690000,1687391999999,1132377905.48890200,699689,301882.53500000,557089886.05291200,0
ETHUSDT,1687392000000,1889.10000000,1933.17000000,1865.98000000,1872.01000000,416714.57190000,1687478399999,791056016.14617600,536410,196874.68600000,373931527.58078600,0
ETHUSDT,1687478400000,1872.00000000,1936.42000000,1861.01000000,1892.63000000,401147.93240000,1687564799999,760352485.33668100,531784,196520.65020000,372600003.36950400,0
ETHUSDT,1687564800000,1892.63000000,1906.00000000,1864.77000000,1874.96000000,226910.29410000,1687651199999,427721477.76198000,356654,108047.87640000,203668990.45857100,0
ETHUSDT,1687651200000,1874.95000000,1930.00000000,1868.83000000,1898.80000000,338757.61580000,1687737599999,644415530.04061600,482753,170334.26420000,323870595.29258300,0
ETHUSDT,1687737600000,1898.80000000,1909.10000000,1837.18000000,1858.97000000,458743.86100000,1687823999999,859537162.35561400,518009,221834.27490000,415653994.57101500,0
ETHUSDT,1687824000000,1858.97000000,1912.53000000,1855.19000000,1889.58000000,366634.57070000,1687910399999,690855987.04133200,437184,195382.36640000,368354695.94773100,0
ETHUSDT,1687910400000,1889.58000000,1890.19000000,1816.56000000,1828.02000000,337836.57920000,1687996799999,626358502.58848000,437585,160645.26760000,297804857.12545500,0
ETHUSDT,1687996800000,1828.03000000,1880.00000000,1827.84000000,1851.99000000,241844.82810000,1688083199999,448678322.17682200,350823,123194.61910000,228587452.24364900,0
ETHUSDT,1688083200000,1851.99000000,1948.60000000,1825.01000000,1933.79000000,716538.10350000,1688169599999,1353630452.61544500,824889,345435.65260000,653049175.24502700,0
SOLUSDT,1682812800000,23.18000000,23.99000000,22.69000000,22.74000000,3110943.40000000,1682899199999,72653365.18580000,135691,1551207.58000000,36228127.06920000,0
SOLUSDT,1682899200000,22.73000000,22.88000000,21.54000000,21.96000000,3758634.21000000,1682985599999,83028090.56660000,142085,1905943.72000000,42128855.19080000,0
SOLUSDT,1682985600000,21.95000000,22.38000000,21.75000000,22.25000000,2566813.09000000,1683071999999,56694549.29130000,87272,1268628.89000000,28034876.70810000,0
SOLUSDT,1683072000000,22.25000000,22.30000000,21.23000000,22.24000000,4181975.28000000,1683158399999,90683868.53260000,138483,2081143.75000000,45128164.35470000,0
SOLUSDT,1683158400000,22.24000000,22.49000000,21.61000000,21.74000000,2529635.56000000,1683244799999,55794938.99500000,95797,1218827.79000000,26891473.77130000,0
SOLUSDT,1683244800000,21.74000000,23.07000000,21.56000000,22.82000000,3636404.07000000,1683331199999,81078034.57100000,132976,1863451.98000000,41571636.59440000,0
SOLUSDT,1683331200000,22.82000000,23.23000000,21.56000000,21.91000000,2849745.66000000,1683417599999,63556974.24930000,128400,1369144.01000000,30554817.66570000,0
SOLUSDT,1683417600000,21.91000000,22.78000000,21.63000000,21.66000000,2954384.97000000,1683503999999,65622089.62940000,127435,1498818.77000000,33317846.28390000,0
SOLUSDT,1683504000000,21.65000000,21.81000000,20.00000000,20.62000000,5254424.55000000,1683590399999,110323115.84600000,215313,2475511.89000000,52037980.33670000,0
SOLUSDT,1683590400000,20.63000000,21.00000000,20.40000000,20.65000000,2375473.60000000,1683676799999,49074673.71800000,89469,1149476.86000000,23749712.59050000,0
SOLUSDT,1683676800000,20.66000000,21.31000000,19.74000000,20.91000000,5057170.30000000,1683763199999,105186175.67840000,172064,2532755.78000000,52700415.18290000,0
SOLUSDT,1683763200000,20.92000000,20.93000000,19.69000000,20.17000000,3721715.10000000,1683849599999,75301830.78030000,130603,1866298.73000000,37771226.37230000,0
SOLUSDT,1683849600000,20.17000000,20.95000000,19.80000000,20.90000000,3076452.18000000,1683935999999,62576189.08040000,130573,1569284.82000000,31941404.18330000,0
SOLUSDT,1683936000000,20.91000000,21.29000000,20.77000000,20.84000000,1835421.61000000,1684022399999,38541774.64900000,87138,911956.43000000,19153396.75080000,0
SOLUSDT,1684022400000,20.83000000,21.28000000,20.62000000,20.93000000,1553375.08000000,1684108799999,32524042.80070000,55101,801148.20000000,16779226.77520000,0
SOLUSDT,1684108800000,20.93000000,21.52000000,20.60000000,20.99000000,2858317.83000000,1684195199999,60589521.07320000,99861,1534787.75000000,32541357.27230000,0
SOLUSDT,1684195200000,20.98000000,21.13000000,20.43000000,20.67000000,2722401.44000000,1684281599999,56488107.12770000,82744,1482240.65000000,30766933.74970000,0
SOLUSDT,1684281600000,20.68000000,21.23000000,20.42000000,21.06000000,2614414.01000000,1684367999999,54381219.57400000,95994,1391824.78000000,28968549.46120000,0
SOLUSDT,1684368000000,21.06000000,21.09000000,20.07000000,20.34000000,2624370.52000000,1684454399999,54122873.64920000,85048,1318240.97000000,27198493.48960000,0
SOLUSDT,1684454400000,20.35000000,20.59000000,20.21000000,20.36000000,1214543.49000000,1684540799999,24774397.64720000,44184,610735.30000000,12461127.36980000,0
SOLUSDT,1684540800000,20.35000000,20.37000000,20.08000000,20.28000000,856718.98000000,1684627199999,17331516.04120000,32249,434428.06000000,8790483.73650000,0
SOLUSDT,1684627200000,20.28000000,20.39000000,19.33000000,19.61000000,1976334.78000000,1684713599999,39399092.88940000,70021,955351.86000000,19065504.12760000,0
SOLUSDT,1684713600000,19.61000000,20.03000000,19.28000000,19.53000000,2054927.32000000,1684799999999,40435124.86650000,62601,1075310.25000000,21163724.32840000,0
SOLUSDT,1684800000000,19.52000000,20.18000000,19.42000000,20.02000000,2466255.33000000,1684886399999,49125104.39960000,69834,1254033.81000000,24981263.10860000,0
SOLUSDT,1684886400000,20.02000000,20.07000000,18.66000000,19.22000000,2780601.57000000,1684972799999,53714029.78220000,95272,1306404.15000000,25233851.98970000,0
SOLUSDT,1684972800000,19.22000000,19.58000000,18.77000000,19.25000000,1692742.89000000,1685059199999,32636649.66440000,74514,877796.85000000,16926580.96110000,0
SOLUSDT,1685059200000,19.25000000,19.56000000,19.08000000,19.35000000,1034272.52000000,1685145599999,19995752.48310000,40268,533363.73000000,10312792.23150000,0
SOLUSDT,1685145600000,19.35000000,20.54000000,19.33000000,20.43000000,1565995.03000000,1685231999999,31175014.05420000,68435,852198.31000000,16973231.85550000,0
SOLUSDT,1685232000000,20.42000000,21.19000000,20.29000000,20.81000000,2874459.57000000,1685318399999,59442842.86560000,112931,1456542.21000000,30127889.18450000,0
SOLUSDT,1685318400000,20.81000000,20.98000000,20.26000000,20.57000000,2222352.38000000,1685404799999,45832375.19580000,92379,1014279.99000000,20921203.30510000,0
SOLUSDT,1685404800000,20.57000000,21.40000000,20.46000000,21.25000000,3192653.91000000,1685491199999,67259618.84890000,119873,1629181.61000000,34316820.06300000,0
SOLUSDT,1685491200000,21.25000000,21.33000000,20.37000000,20.81000000,2050625.96000000,1685577599999,42487752.86810000,78634,1013354.36000000,20987782.39690000,0
SOLUSDT,1685577600000,20.82000000,20.98000000,20.41000000,20.49000000,1732297.47000000,1685663999999,35827115.89200000,85430,828404.08000000,17138573.13610000,0
SOLUSDT,1685664000000,20.49000000,21.37000000,20.30000000,21.26000000,2068166.11000000,1685750399999,43533850.45290000,71386,1062667.64000000,22368902.35790000,0
SOLUSDT,1685750400000,21.26000000,21.35000000,20.95000000,21.19000000,1130915.88000000,1685836799999,23911838.32160000,43087,546786.38000000,11564445.18580000,0
SOLUSDT,1685836800000,21.19000000,22.30000000,21.03000000,21.82000000,2800007.16000000,1685923199999,61235931.70120000,113651,1501612.64000000,32829132.53290000,0
SOLUSDT,1685923200000,21.83000000,22.06000000,19.03000000,20.00000000,6215040.24000000,1686009599999,128314404.54970000,236131,3048528.59000000,63016894.13990000,0
SOLUSDT,1686009600000,20.01000000,20.70000000,19.23000000,20.38000000,4383534.14000000,1686095999999,87570026.46160000,151125,2217349.68000000,44315476.85820000,0
SOLUSDT,1686096000000,20.38000000,20.53000000,18.50000000,18.64000000,3842270.95000000,1686182399999,74564492.27950000,131089,1829586.88000000,35510414.41280000,0
SOLUSDT,1686182400000,18.64000000,19.11000000,18.23000000,18.89000000,2669714.01000000,1686268799999,49983556.28390000,96458,1268288.70000000,23752906.22850000,0
SOLUSDT,1686268800000,18.88000000,19.37000000,17.11000000,17.40000000,4755455.49000000,1686355199999,86834563.32930000,151879,2307088.66000000,42096332.70640000,0
SOLUSDT,1686355200000,17.40000000,17.43000000,12.80000000,15.61000000,17211734.83000000,1686441599999,257899669.92410000,546884,8603969.73000000,128942441.85130000,0
SOLUSDT,1686441600000,15.61000000,16.18000000,15.11000000,15.55000000,6064017.28000000,1686527999999,94450259.47820000,171966,3103669.30000000,48362654.16780000,0
SOLUSDT,1686528000000,15.55000000,15.69000000,14.74000000,15.19000000,5195357.99000000,1686614399999,79018834.58210000,143884,2562170.24000000,38989784.41700000,0
SOLUSDT,1686614400000,15.19000000,16.00000000,14.76000000,15.04000000,4814274.27000000,1686700799999,73501068.09740000,137385,2458282.18000000,37550080.05610000,0
SOLUSDT,1686700800000,15.03000000,15.37000000,14.06000000,14.48000000,3978891.53000000,1686787199999,59168861.05780000,119760,2000448.41000000,29769549.54870000,0
SOLUSDT,1686787200000,14.49000000,15.08000000,14.18000000,14.77000000,4700648.85000000,1686873599999,68956600.10540000,150206,2131267.03000000,31280976.66190000,0
SOLUSDT,1686873600000,14.78000000,15.47000000,14.38000000,15.31000000,2809890.09000000,1686959999999,42032019.36080000,100067,1386234.26000000,20750657.46630000,0
SOLUSDT,1686960000000,15.32000000,16.12000000,15.16000000,15.64000000,2500321.40000000,1687046399999,39363071.32670000,90284,1259828.85000000,19832550.05360000,0
SOLUSDT,1687046400000,15.65000000,15.84000000,15.28000000,15.45000000,1603688.44000000,1687132799999,24988841.24910000,64825,800248.90000000,12471061.04450000,0
SOLUSDT,1687132800000,15.45000000,16.14000000,15.34000000,16.10000000,1890318.27000000,1687219199999,29630700.91550000,73328,1014407.63000000,15908248.26340000,0
SOLUSDT,1687219200000,16.10000000,16.69000000,15.73000000,16.64000000,3005581.72000000,1687305599999,48599821.65090000,115323,1524484.84000000,24656921.29590000,0
SOLUSDT,1687305600000,16.65000000,17.40000000,16.54000000,17.23000000,4146918.99000000,1687391999999,70174971.85780000,141146,2061876.26000000,34901391.54550000,0
SOLUSDT,1687392000000,17.23000000,17.75000000,16.57000000,16.62000000,3547312.43000000,1687478399999,60681208.26930000,117978,1671575.20000000,28601242.94980000,0
SOLUSDT,1687478400000,16.62000000,17.53000000,16.16000000,17.13000000,4851596.52000000,1687564799999,81683374.92060000,152991,2381027.41000000,40070927.18120000,0
SOLUSDT,1687564800000,17.14000000,17.53000000,16.37000000,16.64000000,2908701.89000000,1687651199999,49434893.85460000,106882,1418699.40000000,24111692.70260000,0
SOLUSDT,1687651200000,16.64000000,17.38000000,16.57000000,16.96000000,2723041.25000000,1687737599999,46423157.94870000,109594,1324665.24000000,22580540.70790000,0
SOLUSDT,1687737600000,16.96000000,17.12000000,15.89000000,16.27000000,3056592.40000000,1687823999999,50708531.87590000,118719,1526097.85000000,25306241.91510000,0
SOLUSDT,1687824000000,16.27000000,16.93000000,16.13000000,16.63000000,2951107.45000000,1687910399999,48945681.09790000,94192,1506082.11000000,24974069.70880000,0
SOLUSDT,1687910400000,16.63000000,16.65000000,15.60000000,15.97000000,4040252.29000000,1687996799999,65244690.96150000,129721,1900518.38000000,30704798.55900000,0
SOLUSDT,1687996800000,15.98000000,18.28000000,15.87000000,17.99000000,7948251.73000000,1688083199999,138922032.38260000,281100,4127522.95000000,72056236.47930000,0
SOLUSDT,1688083200000,18.00000000,20.03000000,17.01000000,18.86000000,11454016.49000000,1688169599999,213782011.50990000,434580,5690274.78000000,106223293.91080000,0
XRPUSDT,1682812800000,0.47790000,0.48190000,0.46870000,0.47050000,143199211.00000000,1682899199999,68124656.70540000,91324,71983476.00000000,34241146.28500000,0
XRPUSDT,1682899200000,0.47050000,0.47240000,0.45440000,0.46490000,338231418.00000000,1682985599999,156703971.89150000,167097,193187591.00000000,89537279.02220000,0
XRPUSDT,1682985600000,0.46480000,0.46620000,0.45740000,0.46450000,330734355.00000000,1683071999999,152988821.87000000,164966,193531826.00000000,89527161.82750000,0
XRPUSDT,1683072000000,0.46440000,0.46550000,0.44970000,0.46320000,341232638.00000000,1683158399999,156013152.93340000,162057,170024695.00000000,77748172.59660000,0
XRPUSDT,1683158400000,0.46330000,0.46500000,0.45470000,0.46080000,218212542.00000000,1683244799999,100405157.94320000,103839,104800374.00000000,48211996.91580000,0
XRPUSDT,1683244800000,0.46080000,0.47060000,0.45450000,0.46710000,292855620.00000000,1683331199999,135599010.59340000,160893,169635559.00000000,78543890.01810000,0
XRPUSDT,1683331200000,0.46710000,0.46950000,0.45120000,0.45820000,168649976.00000000,1683417599999,77457021.98290000,119808,83169782.00000000,38187411.73770000,0
XRPUSDT,1683417600000,0.45820000,0.46010000,0.44570000,0.44900000,119401215.00000000,1683503999999,54412904.30180000,93375,58708515.00000000,26760564.00330000,0
XRPUSDT,1683504000000,0.44910000,0.45120000,0.41000000,0.42830000,483055933.00000000,1683590399999,208516112.01430000,248533,260574568.00000000,112537710.46040000,0
XRPUSDT,1683590400000,0.42830000,0.43080000,0.42020000,0.42890000,331497882.00000000,1683676799999,140698488.13520000,145474,197912958.00000000,84006182.79870000,0
XRPUSDT,1683676800000,0.42890000,0.43400000,0.41190000,0.43030000,334930240.00000000,1683763199999,142959031.41460000,178622,169496400.00000000,72345614.76890000,0
XRPUSDT,1683763200000,0.43030000,0.43050000,0.41140000,0.42070000,288769811.00000000,1683849599999,121888401.60440000,132230,137805383.00000000,58158833.39610000,0
XRPUSDT,1683849600000,0.42070000,0.44460000,0.41570000,0.43050000,408757650.00000000,1683935999999,174665763.12400000,243770,210588138.00000000,89981284.95510000,0
XRPUSDT,1683936000000,0.43050000,0.43060000,0.42270000,0.42400000,102125283.00000000,1684022399999,43502508.72220000,64588,49640570.00000000,21146725.79680000,0
XRPUSDT,1684022400000,0.42400000,0.43170000,0.42100000,0.42530000,97517794.00000000,1684108799999,41556708.16180000,60061,52601438.00000000,22422149.41900000,0
XRPUSDT,1684108800000,0.42530000,0.43040000,0.42140000,0.42730000,263543031.00000000,1684195199999,112456043.08080000,124386,158293157.00000000,67552534.82680000,0
XRPUSDT,1684195200000,0.42730000,0.44300000,0.41740000,0.44250000,357854908.00000000,1684281599999,152521020.85900000,160937,209342171.00000000,89175665.99600000,0
XRPUSDT,1684281600000,0.44260000,0.46160000,0.43750000,0.44840000,511331200.00000000,1684367999999,229071343.79150000,303334,266439406.00000000,119349365.16790000,0
XRPUSDT,1684368000000,0.44850000,0.47300000,0.44300000,0.45960000,420292099.00000000,1684454399999,192595312.62750000,286958,208407888.00000000,95500114.62040000,0
XRPUSDT,1684454400000,0.45970000,0.47550000,0.45730000,0.46750000,327924286.00000000,1684540799999,152613054.25210000,222000,184241465.00000000,85740879.84330000,0
XRPUSDT,1684540800000,0.46740000,0.47190000,0.46180000,0.46850000,133085427.00000000,1684627199999,62057504.81930000,103913,66548456.00000000,31033845.71090000,0
XRPUSDT,1684627200000,0.46850000,0.47060000,0.45500000,0.45750000,152105849.00000000,1684713599999,70385641.08230000,103117,74842890.00000000,34626497.50740000,0
XRPUSDT,1684713600000,0.45740000,0.46740000,0.44960000,0.46180000,289989578.00000000,1684799999999,133114497.63570000,155907,168051252.00000000,77144550.02220000,0
XRPUSDT,1684800000000,0.46180000,0.46720000,0.45830000,0.46510000,270491006.00000000,1684886399999,125016933.04840000,125211,159997721.00000000,73941129.09870000,0
XRPUSDT,1684886400000,0.46510000,0.46510000,0.44570000,0.45300000,334128026.00000000,1684972799999,151915102.11760000,156624,164644911.00000000,74827055.06600000,0
XRPUSDT,1684972800000,0.45300000,0.45510000,0.44310000,0.45380000,190174437.00000000,1685059199999,85627895.25440000,102425,93900082.00000000,42279329.75200000,0
XRPUSDT,1685059200000,0.45380000,0.46990000,0.45240000,0.46840000,284645154.00000000,1685145599999,132032922.15730000,145800,163785848.00000000,75969540.65850000,0
XRPUSDT,1685145600000,0.46840000,0.47920000,0.46520000,0.47140000,178798933.00000000,1685231999999,84283690.66920000,123858,85960639.00000000,40522471.81330000,0
XRPUSDT,1685232000000,0.47140000,0.48630000,0.46990000,0.48200000,166534206.00000000,1685318399999,79310781.48410000,109213,84625366.00000000,40300303.57190000,0
XRPUSDT,1685318400000,0.48200000,0.49540000,0.47610000,0.49460000,328535756.00000000,1685404799999,158994730.90890000,193651,183345634.00000000,88706697.88330000,0
XRPUSDT,1685404800000,0.49460000,0.52930000,0.48930000,0.52050000,662891231.00000000,1685491199999,337412103.77000000,428094,361416168.00000000,183850739.14500000,0
XRPUSDT,1685491200000,0.52050000,0.52800000,0.50090000,0.51660000,440917044.00000000,1685577599999,226321932.84990000,297874,222947424.00000000,114438129.68340000,0
XRPUSDT,1685577600000,0.51670000,0.51670000,0.50140000,0.50650000,320782418.00000000,1685663999999,162638528.15770000,197787,170293802.00000000,86386467.45800000,0
XRPUSDT,1685664000000,0.50650000,0.52710000,0.50330000,0.52440000,293048961.00000000,1685750399999,151414189.60360000,168266,163782927.00000000,84630227.65750000,0
XRPUSDT,1685750400000,0.52450000,0.53400000,0.51440000,0.51880000,172139129.00000000,1685836799999,89930000.89530000,119886,85366058.00000000,44602695.44380000,0
XRPUSDT,1685836800000,0.51880000,0.54700000,0.51510000,0.53590000,250235168.00000000,1685923199999,133246493.09510000,159074,131291892.00000000,69938934.99420000,0
XRPUSDT,1685923200000,0.53590000,0.54310000,0.48670000,0.50900000,616993814.00000000,1686009599999,319477652.49250000,430141,314269228.00000000,163020175.21410000,0
XRPUSDT,1686009600000,0.50890000,0.53280000,0.49520000,0.53000000,458413458.00000000,1686095999999,234690913.82990000,307055,242508753.00000000,124128459.92570000,0
XRPUSDT,1686096000000,0.53000000,0.53840000,0.50700000,0.51830000,467474175.00000000,1686182399999,244889718.12410000,326396,235939314.00000000,123665271.52160000,0
XRPUSDT,1686182400000,0.51830000,0.52780000,0.51560000,0.52360000,262982251.00000000,1686268799999,137027019.71610000,177957,131593138.00000000,68553433.21420000,0
XRPUSDT,1686268800000,0.52370000,0.54180000,0.52050000,0.53800000,352068623.00000000,1686355199999,187158472.46520000,236747,179338500.00000000,95329263.73070000,0
XRPUSDT,1686355200000,0.53800000,0.53880000,0.47200000,0.50670000,609302319.00000000,1686441599999,304346642.22940000,492361,293296020.00000000,146470937.61370000,0
XRPUSDT,1686441600000,0.50670000,0.52930000,0.50270000,0.52080000,221202480.00000000,1686527999999,113523633.24130000,164718,111715728.00000000,57337359.54850000,0
XRPUSDT,1686528000000,0.52090000,0.52800000,0.50860000,0.52510000,356547544.00000000,1686614399999,184693488.55440000,234513,193429811.00000000,100191887.04560000,0
XRPUSDT,1686614400000,0.52510000,0.56580000,0.50540000,0.51920000,771631184.00000000,1686700799999,411364100.77330000,559433,397475690.00000000,211722384.51150000,0
XRPUSDT,1686700800000,0.51930000,0.52050000,0.46100000,0.48010000,544396397.00000000,1686787199999,270686306.37220000,340474,271736762.00000000,135176345.53350000,0
XRPUSDT,1686787200000,0.48020000,0.48580000,0.46630000,0.48010000,337742736.00000000,1686873599999,161264378.62390000,202319,170047109.00000000,81203505.21210000,0
XRPUSDT,1686873600000,0.48010000,0.48330000,0.45580000,0.47590000,376661662.00000000,1686959999999,177084797.88480000,223245,202226513.00000000,95103017.31490000,0
XRPUSDT,1686960000000,0.47580000,0.48690000,0.46940000,0.47940000,189579671.00000000,1687046399999,90724364.30140000,114551,93331001.00000000,44666208.35930000,0
XRPUSDT,1687046400000,0.47940000,0.49790000,0.47410000,0.48680000,225020544.00000000,1687132799999,109694269.25140000,162331,114826765.00000000,55992741.86850000,0
XRPUSDT,1687132800000,0.48680000,0.49910000,0.48110000,0.49360000,322187608.00000000,1687219199999,158029204.57140000,171967,185635687.00000000,91030496.42200000,0
XRPUSDT,1687219200000,0.49350000,0.49670000,0.47160000,0.49290000,378325906.00000000,1687305599999,183652110.86900000,194078,216177701.00000000,104945447.76170000,0
XRPUSDT,1687305600000,0.49280000,0.50340000,0.48920000,0.49990000,408749828.00000000,1687391999999,202941709.10740000,223743,201253336.00000000,99901919.98250000,0
XRPUSDT,1687392000000,0.49990000,0.52720000,0.48210000,0.49380000,442729597.00000000,1687478399999,223220058.13740000,282412,220460792.00000000,111186415.84320000,0
XRPUSDT,1687478400000,0.49370000,0.50230000,0.48400000,0.49610000,345391930.00000000,1687564799999,170930777.44840000,202216,175959099.00000000,87070644.97460000,0
XRPUSDT,1687564800000,0.49600000,0.49610000,0.47800000,0.48650000,193097516.00000000,1687651199999,94403166.46080000,119543,87559930.00000000,42799028.24980000,0
XRPUSDT,1687651200000,0.48650000,0.49770000,0.48290000,0.49030000,191583170.00000000,1687737599999,93843422.80920000,110926,91535455.00000000,44847196.91090000,0
XRPUSDT,1687737600000,0.49030000,0.49190000,0.47010000,0.47900000,305338027.00000000,1687823999999,147000463.67210000,163717,164313915.00000000,79125978.46150000,0
XRPUSDT,1687824000000,0.47900000,0.48510000,0.47590000,0.48380000,291583944.00000000,1687910399999,140122274.28910000,132593,170409437.00000000,81890011.90340000,0
XRPUSDT,1687910400000,0.48390000,0.48440000,0.44930000,0.46470000,325837765.00000000,1687996799999,153329584.79290000,164563,160054361.00000000,75360618.77250000,0
XRPUSDT,1687996800000,0.46480000,0.47730000,0.46120000,0.47470000,211214558.00000000,1688083199999,99147276.31410000,102466,99428284.00000000,46653603.34170000,0
XRPUSDT,1688083200000,0.47470000,0.48270000,0.44980000,0.47290000,393612239.00000000,1688169599999,185778507.62270000,219961,206804219.00000000,97637006.35970000,0
1INCHUSDT,1682812800000,0.49600000,0.49600000,0.46600000,0.47100000,9912041.70000000,1682899199999,4715529.54870000,17372,5123778.80000000,2434616.61780000,0
1INCHUSDT,1682899200000,0.47200000,0.47400000,0.44600000,0.45400000,5533040.50000000,1682985599999,2553268.30450000,11689,3094938.10000000,1430968.39890000,0
1INCHUSDT,1682985600000,0.45400000,0.46100000,0.45100000,0.45900000,1779113.60000000,1683071999999,811535.77950000,5998,755505.90000000,344895.63750000,0
1INCHUSDT,1683072000000,0.45800000,0.45900000,0.43900000,0.45700000,3699514.80000000,1683158399999,1651374.26990000,10911,1844430.70000000,823652.85370000,0
1INCHUSDT,1683158400000,0.45700000,0.45800000,0.44700000,0.45200000,1213440.20000000,1683244799999,549746.06860000,3876,608441.30000000,275885.12100000,0
1INCHUSDT,1683244800000,0.45100000,0.46600000,0.44700000,0.46300000,3038665.30000000,1683331199999,1392485.20340000,6702,1451102.30000000,666022.31910000,0
1INCHUSDT,1683331200000,0.46300000,0.46600000,0.43600000,0.44700000,2577076.30000000,1683417599999,1160105.60400000,7115,1403310.00000000,632476.70490000,0
1INCHUSDT,1683417600000,0.44700000,0.45600000,0.44300000,0.44700000,1157145.40000000,1683503999999,520345.45420000,3787,517198.10000000,232757.02590000,0
1INCHUSDT,1683504000000,0.44700000,0.44900000,0.38900000,0.40700000,6985054.20000000,1683590399999,2881347.11440000,17079,3435866.00000000,1415961.08230000,0
1INCHUSDT,1683590400000,0.40700000,0.42000000,0.40500000,0.41500000,2574022.40000000,1683676799999,1061959.44760000,6276,1398540.00000000,577091.45260000,0
1INCHUSDT,1683676800000,0.41500000,0.42600000,0.40200000,0.42200000,5440379.10000000,1683763199999,2260108.02390000,11973,2600867.10000000,1079261.05520000,0
1INCHUSDT,1683763200000,0.42200000,0.42200000,0.39800000,0.40900000,4184701.90000000,1683849599999,1708176.56200000,8024,2298139.10000000,938898.80720000,0
1INCHUSDT,1683849600000,0.40900000,0.41600000,0.39600000,0.41500000,5227099.50000000,1683935999999,2125913.70010000,11835,2191579.50000000,889733.81840000,0
1INCHUSDT,1683936000000,0.41500000,0.41600000,0.40700000,0.41000000,1727590.00000000,1684022399999,710628.06160000,5884,975702.10000000,401610.67180000,0
1INCHUSDT,1684022400000,0.41000000,0.41800000,0.40500000,0.41300000,1539480.30000000,1684108799999,634535.67770000,4049,869675.70000000,358641.82500000,0
1INCHUSDT,1684108800000,0.41300000,0.42200000,0.40700000,0.41400000,2477561.50000000,1684195199999,1032608.02760000,5399,965920.50000000,402672.77370000,0
1INCHUSDT,1684195200000,0.41400000,0.42200000,0.40900000,0.41600000,2823655.70000000,1684281599999,1172709.64180000,5974,1377536.70000000,572126.67630000,0
1INCHUSDT,1684281600000,0.41600000,0.42100000,0.40500000,0.41600000,8108353.80000000,1684367999999,3349269.54160000,11543,2745676.90000000,1135476.31770000,0
1INCHUSDT,1684368000000,0.41500000,0.41600000,0.39500000,0.40200000,8290307.60000000,1684454399999,3364193.85050000,10459,3843332.60000000,1559773.95020000,0
1INCHUSDT,1684454400000,0.40100000,0.40400000,0.39700000,0.40000000,3107204.70000000,1684540799999,1244777.02730000,5108,1398435.40000000,560676.07870000,0
1INCHUSDT,1684540800000,0.40000000,0.40400000,0.39700000,0.40400000,1494015.00000000,1684627199999,598103.30930000,3221,653332.50000000,261685.60450000,0
1INCHUSDT,1684627200000,0.40400000,0.40400000,0.39200000,0.39500000,1845779.60000000,1684713599999,734144.92000000,5579,772097.30000000,307008.80890000,0
1INCHUSDT,1684713600000,0.39600000,0.40000000,0.38900000,0.39700000,2130820.30000000,1684799999999,841354.47520000,4249,1066790.10000000,420975.25150000,0
1INCHUSDT,1684800000000,0.39700000,0.40500000,0.39500000,0.40200000,2020630.70000000,1684886399999,809596.10320000,3860,875820.10000000,350846.40870000,0
1INCHUSDT,1684886400000,0.40200000,0.40200000,0.38200000,0.38900000,2846935.40000000,1684972799999,1108125.23930000,6723,1461859.60000000,569071.82380000,0
1INCHUSDT,1684972800000,0.38900000,0.39600000,0.38200000,0.39200000,2281843.20000000,1685059199999,889276.06100000,4790,1195026.20000000,465123.41350000,0
1INCHUSDT,1685059200000,0.39200000,0.39600000,0.38600000,0.39500000,1637524.90000000,1685145599999,641138.13600000,3234,731580.30000000,286603.95940000,0
1INCHUSDT,1685145600000,0.39400000,0.39700000,0.39100000,0.39700000,1183676.90000000,1685231999999,466295.30270000,2448,496762.10000000,195845.43850000,0
1INCHUSDT,1685232000000,0.39700000,0.40900000,0.39500000,0.40400000,3137914.10000000,1685318399999,1258840.16080000,5189,1598577.80000000,642211.06100000,0
1INCHUSDT,1685318400000,0.40500000,0.40700000,0.39100000,0.39300000,4538570.90000000,1685404799999,1802594.89930000,8751,2312842.00000000,918171.76370000,0
1INCHUSDT,1685404800000,0.39400000,0.40000000,0.39000000,0.39500000,2444809.90000000,1685491199999,964524.34710000,6492,1193204.60000000,470965.16030000,0
1INCHUSDT,1685491200000,0.39400000,0.39800000,0.37500000,0.38000000,5174871.00000000,1685577599999,1991300.72770000,9504,2696463.40000000,1037920.70890000,0
1INCHUSDT,1685577600000,0.38100000,0.38200000,0.36700000,0.36800000,3939050.10000000,1685663999999,1466450.93640000,7251,2026574.70000000,754918.01100000,0
1INCHUSDT,1685664000000,0.36800000,0.38700000,0.36200000,0.38100000,14684626.90000000,1685750399999,5449491.61030000,23248,8605420.00000000,3197005.39670000,0
1INCHUSDT,1685750400000,0.38100000,0.38200000,0.36800000,0.37100000,6264642.90000000,1685836799999,2352687.19800000,13738,2676263.40000000,1005383.29580000,0
1INCHUSDT,1685836800000,0.37100000,0.37800000,0.36800000,0.37200000,3303096.50000000,1685923199999,1232411.24920000,11025,1352292.00000000,505138.19410000,0
1INCHUSDT,1685923200000,0.37300000,0.37300000,0.31700000,0.32600000,18637398.10000000,1686009599999,6356852.23390000,33575,9364154.90000000,3190603.91710000,0
1INCHUSDT,1686009600000,0.32600000,0.33700000,0.31400000,0.33400000,8811775.00000000,1686095999999,2864090.77190000,16981,4002648.50000000,1302553.09720000,0
1INCHUSDT,1686096000000,0.33500000,0.33500000,0.31000000,0.31300000,5865231.80000000,1686182399999,1901767.11600000,15277,2640859.20000000,858582.37670000,0
1INCHUSDT,1686182400000,0.31400000,0.32800000,0.31100000,0.32200000,3820291.20000000,1686268799999,1229834.72360000,12368,1878468.20000000,605357.03810000,0
1INCHUSDT,1686268800000,0.32200000,0.32800000,0.31700000,0.32200000,3665495.40000000,1686355199999,1181177.09610000,8290,2002515.80000000,645763.70460000,0
1INCHUSDT,1686355200000,0.32300000,0.32400000,0.23500000,0.27200000,23816462.80000000,1686441599999,6599880.56950000,38714,10423937.90000000,2911821.13450000,0
1INCHUSDT,1686441600000,0.27200000,0.27600000,0.26500000,0.27000000,4334172.80000000,1686527999999,1170527.11410000,10333,2245544.00000000,606693.22710000,0
1INCHUSDT,1686528000000,0.26900000,0.27500000,0.26000000,0.26900000,6316519.40000000,1686614399999,1701666.11220000,15364,2864621.30000000,771623.19390000,0
1INCHUSDT,1686614400000,0.27000000,0.27700000,0.26300000,0.26800000,4671266.90000000,1686700799999,1263084.31670000,12437,2142753.20000000,579565.99190000,0
1INCHUSDT,1686700800000,0.26900000,0.27800000,0.25700000,0.26200000,6283278.20000000,1686787199999,1680265.40430000,11236,3204974.80000000,858455.79910000,0
1INCHUSDT,1686787200000,0.26300000,0.26600000,0.25200000,0.26000000,3905308.50000000,1686873599999,1010452.07610000,8559,1914524.90000000,495690.86630000,0
1INCHUSDT,1686873600000,0.26100000,0.27990000,0.25900000,0.27560000,16518221.50000000,1686959999999,4448393.50693000,22689,8084441.20000000,2177662.75046000,0
1INCHUSDT,1686960000000,0.27540000,0.28450000,0.27190000,0.27660000,11151127.50000000,1687046399999,3109425.80997000,17214,5263891.80000000,1467827.28047000,0
1INCHUSDT,1687046400000,0.27670000,0.28460000,0.27290000,0.27550000,8805709.00000000,1687132799999,2451572.09276000,16014,4315871.90000000,1201519.79072000,0
1INCHUSDT,1687132800000,0.27550000,0.27890000,0.27070000,0.27750000,7132580.40000000,1687219199999,1959148.95425000,13616,3580806.20000000,983434.15628000,0
1INCHUSDT,1687219200000,0.27770000,0.29430000,0.27360000,0.29320000,10365208.00000000,1687305599999,2915653.25007000,16732,4763711.90000000,1339852.79606000,0
1INCHUSDT,1687305600000,0.29310000,0.31380000,0.29110000,0.30900000,8926135.90000000,1687391999999,2702640.45864000,17201,4545398.40000000,1375203.50156000,0
1INCHUSDT,1687392000000,0.30880000,0.31660000,0.29890000,0.30410000,9238260.10000000,1687478399999,2863538.39291000,18931,5024358.80000000,1557622.75130000,0
1INCHUSDT,1687478400000,0.30410000,0.32580000,0.30400000,0.31840000,6000686.50000000,1687564799999,1890155.13768000,15775,3068253.30000000,965905.85687000,0
1INCHUSDT,1687564800000,0.31830000,0.33160000,0.31610000,0.32650000,7960730.90000000,1687651199999,2574791.35655000,15216,4466375.10000000,1445511.52209000,0
1INCHUSDT,1687651200000,0.32630000,0.35050000,0.32250000,0.32790000,14728476.40000000,1687737599999,4965767.46591000,23370,7502964.80000000,2532091.85802000,0
1INCHUSDT,1687737600000,0.32780000,0.33330000,0.31270000,0.31960000,8127239.60000000,1687823999999,2626178.86499000,18918,4116412.70000000,1331016.56212000,0
1INCHUSDT,1687824000000,0.31970000,0.32650000,0.31670000,0.31900000,5119156.70000000,1687910399999,1643670.26500000,13570,1858530.60000000,597017.28235000,0
1INCHUSDT,1687910400000,0.31940000,0.31960000,0.28770000,0.29870000,7425737.70000000,1687996799999,2262059.62633000,17397,3475275.70000000,1058669.75945000,0
1INCHUSDT,1687996800000,0.29890000,0.31250000,0.29750000,0.30850000,6122372.40000000,1688083199999,1878439.72517000,12449,3092899.20000000,949667.63338000,0
1INCHUSDT,1688083200000,0.30840000,0.32750000,0.29440000,0.31730000,13293658.00000000,1688169599999,4175937.27160000,27132,6622346.10000000,2080281.45689000,0
ALCXUSDT,1682812800000,18.24000000,18.77000000,17.90000000,17.96000000,24497.64370000,1682899199999,446033.39572200,3509,12784.55020000,232995.82563300,0
ALCXUSDT,1682899200000,17.96000000,18.02000000,17.17000000,17.53000000,11651.70510000,1682985599999,205047.03332400,2309,5196.45740000,91368.78972700,0
ALCXUSDT,1682985600000,17.54000000,18.02000000,17.24000000,17.73000000,22449.89850000,1683071999999,394574.68303500,4126,11949.95600000,210504.50592900,0
ALCXUSDT,1683072000000,17.68000000,17.89000000,17.14000000,17.76000000,14468.05340000,1683158399999,253423.98758400,3086,6248.21680000,109515.94035900,0
ALCXUSDT,1683158400000,17.73000000,19.00000000,17.31000000,18.82000000,48248.63620000,1683244799999,873724.77789800,8312,28473.85230000,516283.20829100,0
ALCXUSDT,1683244800000,18.87000000,20.55000000,18.41000000,18.79000000,169870.40760000,1683331199999,3277235.95427200,24777,83707.53740000,1617477.35235700,0
ALCXUSDT,1683331200000,18.79000000,18.82000000,17.62000000,17.98000000,28489.35490000,1683417599999,518783.67305000,3800,12427.63900000,226330.01615600,0
ALCXUSDT,1683417600000,17.97000000,20.25000000,17.71000000,18.72000000,102623.71460000,1683503999999,1951605.98499400,16171,50526.55370000,962427.69843600,0
ALCXUSDT,1683504000000,18.73000000,19.66000000,17.84000000,18.20000000,70106.62080000,1683590399999,1310157.70593200,13362,33030.11560000,617556.22879000,0
ALCXUSDT,1683590400000,18.20000000,18.39000000,17.52000000,17.66000000,29290.95040000,1683676799999,522652.24034400,4073,13236.73830000,236410.71387400,0
ALCXUSDT,1683676800000,17.64000000,18.34000000,17.29000000,17.75000000,22529.85800000,1683763199999,399691.11523500,4734,11330.97150000,200640.44932100,0
ALCXUSDT,1683763200000,17.78000000,17.81000000,16.61000000,17.37000000,23883.16300000,1683849599999,411027.23810000,4180,13092.69960000,225613.16639000,0
ALCXUSDT,1683849600000,17.38000000,18.61000000,16.67000000,18.35000000,23387.26750000,1683935999999,411505.57061300,4910,12722.54880000,224940.91184600,0
ALCXUSDT,1683936000000,18.37000000,20.45000000,18.32000000,19.00000000,88639.00860000,1684022399999,1709269.84692600,20988,47002.63810000,909223.27154100,0
ALCXUSDT,1684022400000,18.97000000,19.56000000,18.76000000,18.95000000,14838.66720000,1684108799999,283797.05030700,3147,6202.04310000,118523.90264900,0
ALCXUSDT,1684108800000,19.00000000,19.75000000,18.59000000,19.59000000,22318.13420000,1684195199999,427558.32582800,4446,11590.84130000,222299.65368100,0
ALCXUSDT,1684195200000,19.62000000,19.75000000,18.65000000,18.68000000,17912.47990000,1684281599999,343481.17737200,3404,8049.46730000,154585.19319600,0
ALCXUSDT,1684281600000,18.68000000,18.99000000,17.83000000,18.13000000,19078.99930000,1684367999999,350697.10596300,4665,8373.70760000,154265.05584600,0
ALCXUSDT,1684368000000,18.14000000,18.27000000,17.46000000,17.76000000,20985.59130000,1684454399999,376960.80926300,4857,9346.38310000,168027.62768300,0
ALCXUSDT,1684454400000,17.76000000,17.91000000,17.51000000,17.64000000,11583.73170000,1684540799999,204633.19188300,3196,5584.56900000,98754.29889000,0
ALCXUSDT,1684540800000,17.63000000,17.87000000,17.42000000,17.78000000,8996.76540000,1684627199999,158461.89314500,2796,4448.29430000,78443.52267300,0
ALCXUSDT,1684627200000,17.75000000,17.86000000,16.71000000,16.83000000,14873.59720000,1684713599999,255612.12284000,3169,5906.60740000,101565.93337500,0
ALCXUSDT,1684713600000,16.83000000,17.38000000,16.65000000,17.30000000,15321.21660000,1684799999999,260750.65052600,3504,7849.13790000,133668.42695900,0
ALCXUSDT,1684800000000,17.28000000,17.82000000,17.00000000,17.25000000,15733.77020000,1684886399999,274373.67196700,3047,6428.67490000,111988.94994300,0
ALCXUSDT,1684886400000,17.24000000,17.56000000,16.26000000,17.00000000,32897.11620000,1684972799999,556241.69142500,4857,17643.35690000,297965.47254800,0
ALCXUSDT,1684972800000,16.98000000,17.09000000,16.19000000,17.03000000,23430.92520000,1685059199999,388720.44996500,3919,12884.46630000,213460.75674300,0
ALCXUSDT,1685059200000,17.02000000,17.37000000,16.73000000,16.91000000,12428.23630000,1685145599999,211203.26054500,2109,6965.30040000,118521.86312500,0
ALCXUSDT,1685145600000,16.91000000,17.03000000,16.75000000,16.99000000,3194.89490000,1685231999999,53897.78580400,1160,1394.19090000,23549.53010600,0
ALCXUSDT,1685232000000,16.98000000,17.68000000,16.97000000,17.43000000,11092.18180000,1685318399999,191677.43151000,2053,6363.46580000,110171.27091200,0
ALCXUSDT,1685318400000,17.41000000,17.75000000,17.25000000,17.40000000,10201.08820000,1685404799999,177910.10165600,2709,5424.25200000,94634.09144200,0
ALCXUSDT,1685404800000,17.40000000,17.67000000,17.00000000,17.21000000,15809.56910000,1685491199999,273117.65258100,7490,7586.71560000,131240.04179000,0
ALCXUSDT,1685491200000,17.20000000,17.26000000,16.81000000,17.03000000,7369.05880000,1685577599999,125097.28591200,2668,2648.36770000,45011.42431700,0
ALCXUSDT,1685577600000,17.03000000,17.07000000,16.55000000,16.79000000,7776.17440000,1685663999999,130845.85982700,1520,3013.55500000,50762.01512400,0
ALCXUSDT,1685664000000,16.80000000,17.09000000,16.61000000,17.04000000,7079.91200000,1685750399999,119703.43640700,1875,3270.68680000,55367.99340200,0
ALCXUSDT,1685750400000,17.04000000,17.41000000,16.88000000,16.97000000,9429.48010000,1685836799999,161063.01137900,2287,4082.89520000,69890.98692500,0
ALCXUSDT,1685836800000,16.97000000,17.35000000,16.79000000,16.99000000,6742.46860000,1685923199999,114462.83668500,1502,3479.06860000,59175.94916100,0
ALCXUSDT,1685923200000,16.99000000,17.40000000,15.43000000,15.61000000,38637.41320000,1686009599999,631979.30029900,10768,17458.48220000,286808.47532100,0
ALCXUSDT,1686009600000,15.61000000,16.18000000,15.11000000,16.04000000,11673.57210000,1686095999999,182484.09750100,3224,5444.72430000,85350.19864400,0
ALCXUSDT,1686096000000,16.07000000,16.18000000,15.30000000,15.38000000,10686.17080000,1686182399999,168083.47890400,2104,4835.82440000,76172.99565800,0
ALCXUSDT,1686182400000,15.41000000,15.58000000,15.30000000,15.38000000,3524.22230000,1686268799999,54370.71655000,1075,1681.02820000,25934.98280100,0
ALCXUSDT,1686268800000,15.38000000,16.90000000,15.30000000,15.89000000,53928.86270000,1686355199999,869404.41029800,11438,27212.75330000,440377.72647700,0
ALCXUSDT,1686355200000,15.87000000,15.89000000,13.74000000,14.25000000,46707.04690000,1686441599999,673950.02764500,6933,23729.65260000,342300.77077500,0
ALCXUSDT,1686441600000,14.24000000,14.55000000,13.90000000,13.99000000,10550.92330000,1686527999999,149357.59305600,2285,4738.03470000,66966.89625100,0
ALCXUSDT,1686528000000,13.99000000,14.14000000,13.68000000,14.01000000,11163.96460000,1686614399999,155284.09596300,2782,4622.17960000,64331.41025400,0
ALCXUSDT,1686614400000,13.98000000,14.24000000,13.65000000,13.77000000,16846.06780000,1686700799999,234642.53302000,2870,6969.66320000,96945.00061000,0
ALCXUSDT,1686700800000,13.79000000,14.20000000,12.93000000,13.23000000,34107.68840000,1686787199999,466413.40341600,6156,16349.10260000,223228.94978600,0
ALCXUSDT,1686787200000,13.22000000,13.36000000,12.79000000,13.20000000,18683.71780000,1686873599999,243927.90089100,3020,8175.18000000,106655.87512300,0
ALCXUSDT,1686873600000,13.19000000,13.68000000,13.13000000,13.63000000,12887.25810000,1686959999999,172870.37972500,2930,6335.15210000,85223.22370700,0
ALCXUSDT,1686960000000,13.63000000,14.03000000,13.49000000,13.67000000,8797.29410000,1687046399999,121277.83392300,2097,3729.52300000,51485.28460300,0
ALCXUSDT,1687046400000,13.68000000,14.28000000,13.60000000,13.79000000,16831.36730000,1687132799999,235323.15782500,4902,7721.17710000,107871.53929900,0
ALCXUSDT,1687132800000,13.78000000,14.00000000,13.60000000,13.74000000,14043.10020000,1687219199999,193319.98730500,3416,5957.61060000,82035.36136100,0
ALCXUSDT,1687219200000,13.75000000,14.07000000,13.38000000,14.01000000,10475.01490000,1687305599999,143995.61361400,2892,4857.28320000,66805.45669200,0
ALCXUSDT,1687305600000,14.01000000,14.60000000,14.00000000,14.43000000,21321.76220000,1687391999999,304588.43161500,4232,11581.31950000,165660.90902900,0
ALCXUSDT,1687392000000,14.42000000,14.82000000,14.23000000,14.31000000,15973.57240000,1687478399999,231815.60934000,4272,7711.56410000,112001.97902700,0
ALCXUSDT,1687478400000,14.33000000,14.87000000,14.27000000,14.72000000,12311.31500000,1687564799999,179438.90600900,4912,6249.29240000,91181.54906400,0
ALCXUSDT,1687564800000,14.70000000,15.12000000,14.41000000,14.71000000,15914.10420000,1687651199999,234685.55134300,4843,7949.13230000,117167.72537700,0
ALCXUSDT,1687651200000,14.74000000,15.84000000,14.71000000,15.54000000,36545.64200000,1687737599999,564728.28800600,10333,17100.27780000,264567.20140300,0
ALCXUSDT,1687737600000,15.55000000,16.21000000,15.04000000,15.22000000,40131.56600000,1687823999999,623488.55366400,7677,17978.23930000,279696.49354900,0
ALCXUSDT,1687824000000,15.23000000,15.50000000,15.02000000,15.11000000,12125.79960000,1687910399999,184480.78474600,4095,5360.71450000,81568.80152800,0
ALCXUSDT,1687910400000,15.09000000,15.09000000,13.86000000,14.06000000,22724.59040000,1687996799999,328251.85846300,6992,11437.43330000,165462.32333500,0
ALCXUSDT,1687996800000,14.07000000,14.37000000,13.96000000,14.07000000,20433.04830000,1688083199999,288463.20254000,5266,8275.49660000,116877.42082600,0
ALCXUSDT,1688083200000,14.07000000,14.55000000,13.67000000,14.33000000,31888.37200000,1688169599999,452405.95698100,8412,15244.12040000,215871.80844300,0
ALGOUSDT,1682812800000,0.18360000,0.18480000,0.17930000,0.18010000,18586561.00000000,1682899199999,3387731.73560000,19384,9056866.00000000,1650877.56420000,0
ALGOUSDT,1682899200000,0.18030000,0.18150000,0.17460000,0.17740000,23230157.00000000,1682985599999,4129882.37210000,24872,11372455.00000000,2021462.31110000,0
ALGOUSDT,1682985600000,0.17740000,0.17950000,0.17420000,0.17880000,17149618.00000000,1683071999999,3029867.90780000,20728,9160310.00000000,1618585.45780000,0
ALGOUSDT,1683072000000,0.17880000,0.18210000,0.17430000,0.18100000,23462981.00000000,1683158399999,4159090.85340000,27308,11584135.00000000,2054577.49450000,0
ALGOUSDT,1683158400000,0.18100000,0.18130000,0.17520000,0.17700000,22703967.00000000,1683244799999,4046591.30290000,22229,11012652.00000000,1959159.40220000,0
ALGOUSDT,1683244800000,0.17690000,0.18320000,0.17680000,0.18120000,29724373.00000000,1683331199999,5363588.84230000,27545,15158655.00000000,2734876.78080000,0
ALGOUSDT,1683331200000,0.18120000,0.18300000,0.17200000,0.17520000,24088285.00000000,1683417599999,4255080.90280000,24207,10929263.00000000,1929598.38960000,0
ALGOUSDT,1683417600000,0.17510000,0.17560000,0.17300000,0.17320000,13931730.00000000,1683503999999,2431187.56780000,15268,6876965.00000000,1200550.43980000,0
ALGOUSDT,1683504000000,0.17330000,0.17400000,0.15800000,0.16410000,51504111.00000000,1683590399999,8558692.81560000,49896,24629251.00000000,4093875.45290000,0
ALGOUSDT,1683590400000,0.16420000,0.16700000,0.16300000,0.16490000,21669172.00000000,1683676799999,3568927.72840000,22201,10520376.00000000,1733100.78330000,0
ALGOUSDT,1683676800000,0.16490000,0.17080000,0.16050000,0.16880000,39316591.00000000,1683763199999,6541888.99270000,38204,18319568.00000000,3050328.94470000,0
ALGOUSDT,1683763200000,0.16870000,0.16900000,0.15870000,0.16230000,30654626.00000000,1683849599999,5009505.23250000,32214,13727799.00000000,2243370.95580000,0
ALGOUSDT,1683849600000,0.16240000,0.16480000,0.15730000,0.16470000,33119151.00000000,1683935999999,5318167.24770000,32202,16236321.00000000,2608923.50770000,0
ALGOUSDT,1683936000000,0.16460000,0.16490000,0.16110000,0.16220000,14667533.00000000,1684022399999,2390827.64910000,14317,6922765.00000000,1128370.15800000,0
ALGOUSDT,1684022400000,0.16220000,0.16550000,0.16070000,0.16290000,15771641.00000000,1684108799999,2573857.61360000,16135,7614391.00000000,1243212.92390000,0
ALGOUSDT,1684108800000,0.16300000,0.16870000,0.16080000,0.16690000,24295445.00000000,1684195199999,4029349.26230000,21838,11798326.00000000,1956519.30370000,0
ALGOUSDT,1684195200000,0.16680000,0.17090000,0.16470000,0.16930000,28339164.00000000,1684281599999,4769015.35250000,23163,14739873.00000000,2482915.48400000,0
ALGOUSDT,1684281600000,0.16940000,0.17390000,0.16620000,0.17220000,38172578.00000000,1684367999999,6473416.34460000,31424,19465096.00000000,3302231.16740000,0
ALGOUSDT,1684368000000,0.17230000,0.17250000,0.16300000,0.16510000,33864507.00000000,1684454399999,5689744.07240000,29502,16305898.00000000,2738846.58150000,0
ALGOUSDT,1684454400000,0.16510000,0.16750000,0.16460000,0.16480000,22105921.00000000,1684540799999,3666138.04900000,17993,11305979.00000000,1875103.30070000,0
ALGOUSDT,1684540800000,0.16490000,0.16560000,0.16370000,0.16450000,16017111.00000000,1684627199999,2638792.54760000,11727,8091326.00000000,1333070.25380000,0
ALGOUSDT,1684627200000,0.16450000,0.16480000,0.16030000,0.16160000,15839336.00000000,1684713599999,2571049.34440000,13757,8144184.00000000,1322148.98510000,0
ALGOUSDT,1684713600000,0.16160000,0.16250000,0.15910000,0.16120000,17136842.00000000,1684799999999,2765124.15040000,14364,8712762.00000000,1406208.72300000,0
ALGOUSDT,1684800000000,0.16130000,0.16490000,0.16090000,0.16230000,17260260.00000000,1684886399999,2817949.44270000,14605,7920349.00000000,1293181.19580000,0
ALGOUSDT,1684886400000,0.16240000,0.16260000,0.15380000,0.15430000,39127999.00000000,1684972799999,6139205.16990000,32874,19599420.00000000,3075773.66320000,0
ALGOUSDT,1684972800000,0.15440000,0.15500000,0.14950000,0.15020000,46721334.00000000,1685059199999,7057878.27380000,29886,26039028.00000000,3932652.52260000,0
ALGOUSDT,1685059200000,0.15020000,0.15110000,0.14710000,0.14990000,27863028.00000000,1685145599999,4156925.14480000,19838,15268127.00000000,2277867.10700000,0
ALGOUSDT,1685145600000,0.14980000,0.15180000,0.14870000,0.15050000,21337838.00000000,1685231999999,3205389.01640000,14383,10287552.00000000,1545546.27100000,0
ALGOUSDT,1685232000000,0.15040000,0.15400000,0.15010000,0.15310000,29452362.00000000,1685318399999,4464042.91640000,20318,16139456.00000000,2447134.75310000,0
ALGOUSDT,1685318400000,0.15300000,0.15440000,0.15050000,0.15150000,28394015.00000000,1685404799999,4317647.59140000,22578,13701150.00000000,2084795.18930000,0
ALGOUSDT,1685404800000,0.15150000,0.15260000,0.14880000,0.15140000,35345111.00000000,1685491199999,5341043.11810000,26312,17239385.00000000,2605384.11710000,0
ALGOUSDT,1685491200000,0.15140000,0.15260000,0.14540000,0.14770000,31548102.00000000,1685577599999,4667893.64560000,23831,15710002.00000000,2325065.71150000,0
ALGOUSDT,1685577600000,0.14780000,0.14890000,0.14460000,0.14820000,24153959.00000000,1685663999999,3547490.49310000,20096,11281723.00000000,1659041.99180000,0
ALGOUSDT,1685664000000,0.14820000,0.15250000,0.14670000,0.15160000,23110072.00000000,1685750399999,3479105.24520000,17012,10479803.00000000,1578379.26720000,0
ALGOUSDT,1685750400000,0.15160000,0.15220000,0.14990000,0.15080000,13158512.00000000,1685836799999,1990594.40170000,10373,6053215.00000000,915952.97070000,0
ALGOUSDT,1685836800000,0.15070000,0.15370000,0.14980000,0.15170000,15954756.00000000,1685923199999,2425093.49420000,14226,7344200.00000000,1116595.97810000,0
ALGOUSDT,1685923200000,0.15170000,0.15210000,0.13100000,0.13770000,68092791.00000000,1686009599999,9578449.18640000,44836,32839458.00000000,4609491.37200000,0
ALGOUSDT,1686009600000,0.13770000,0.13850000,0.13330000,0.13730000,48901894.00000000,1686095999999,6671403.66310000,28995,24767761.00000000,3380098.27390000,0
ALGOUSDT,1686096000000,0.13730000,0.13730000,0.12400000,0.12490000,50513360.00000000,1686182399999,6580997.17230000,32493,25787499.00000000,3357430.78150000,0
ALGOUSDT,1686182400000,0.12500000,0.12570000,0.12090000,0.12330000,61459490.00000000,1686268799999,7548225.74920000,35327,33047924.00000000,4060183.97620000,0
ALGOUSDT,1686268800000,0.12330000,0.12630000,0.12170000,0.12380000,34203529.00000000,1686355199999,4238611.32990000,20858,15975577.00000000,1980399.25140000,0
ALGOUSDT,1686355200000,0.12390000,0.12390000,0.09010000,0.11090000,140770626.00000000,1686441599999,15008907.79317000,78637,68622074.00000000,7277860.93140000,0
ALGOUSDT,1686441600000,0.11090000,0.11310000,0.10700000,0.11070000,33560679.00000000,1686527999999,3686626.02000000,20493,13984570.00000000,1535832.48110000,0
ALGOUSDT,1686528000000,0.11060000,0.11340000,0.10760000,0.11270000,37523395.00000000,1686614399999,4180762.86430000,23949,18667036.00000000,2080857.89240000,0
ALGOUSDT,1686614400000,0.11270000,0.11700000,0.11130000,0.11290000,34673276.00000000,1686700799999,3948896.09240000,20251,15487968.00000000,1764073.84130000,0
ALGOUSDT,1686700800000,0.11300000,0.11910000,0.11040000,0.11290000,45841191.00000000,1686787199999,5266094.51420000,27918,22371130.00000000,2572314.36880000,0
ALGOUSDT,1686787200000,0.11290000,0.11610000,0.10760000,0.11220000,62207712.00000000,1686873599999,6913971.62200000,35951,28579205.00000000,3182396.90810000,0
ALGOUSDT,1686873600000,0.11220000,0.11780000,0.10930000,0.11600000,31240972.00000000,1686959999999,3532684.58770000,21864,16744822.00000000,1898869.69560000,0
ALGOUSDT,1686960000000,0.11600000,0.12300000,0.11530000,0.11840000,34142624.00000000,1687046399999,4084787.53310000,24655,18081172.00000000,2164199.80780000,0
ALGOUSDT,1687046400000,0.11850000,0.11920000,0.11420000,0.11500000,24178383.00000000,1687132799999,2839019.98640000,14907,12247781.00000000,1438664.72290000,0
ALGOUSDT,1687132800000,0.11500000,0.11760000,0.11360000,0.11650000,25084572.00000000,1687219199999,2909214.65690000,16232,11294332.00000000,1309692.48580000,0
ALGOUSDT,1687219200000,0.11660000,0.12200000,0.11340000,0.12140000,24871528.00000000,1687305599999,2915635.14840000,16552,12836192.00000000,1505258.93220000,0
ALGOUSDT,1687305600000,0.12140000,0.12700000,0.12110000,0.12580000,41814490.00000000,1687391999999,5173432.52520000,24507,22140761.00000000,2740475.36600000,0
ALGOUSDT,1687392000000,0.12580000,0.12900000,0.12360000,0.12480000,37603097.00000000,1687478399999,4761954.36680000,24556,17882817.00000000,2265737.64990000,0
ALGOUSDT,1687478400000,0.12490000,0.13900000,0.12450000,0.13510000,37706286.00000000,1687564799999,4962245.86100000,31978,19312994.00000000,2544032.60080000,0
ALGOUSDT,1687564800000,0.13520000,0.13580000,0.13070000,0.13280000,30507833.00000000,1687651199999,4077810.79270000,21605,14795658.00000000,1977929.27020000,0
ALGOUSDT,1687651200000,0.13290000,0.14100000,0.13240000,0.13700000,31657801.00000000,1687737599999,4367358.92460000,23990,15374465.00000000,2119667.38640000,0
ALGOUSDT,1687737600000,0.13710000,0.14000000,0.12830000,0.12940000,58105241.00000000,1687823999999,7774290.68190000,40704,30919542.00000000,4143027.69980000,0
ALGOUSDT,1687824000000,0.12930000,0.13040000,0.12670000,0.12720000,49546797.00000000,1687910399999,6359863.22240000,24363,31136840.00000000,3995726.38230000,0
ALGOUSDT,1687910400000,0.12720000,0.12730000,0.11420000,0.11860000,64721977.00000000,1687996799999,7795040.11340000,34206,39258282.00000000,4731566.87610000,0
ALGOUSDT,1687996800000,0.11860000,0.12410000,0.11810000,0.12010000,39867758.00000000,1688083199999,4814973.77980000,23121,20849533.00000000,2516642.97870000,0
ALGOUSDT,1688083200000,0.12010000,0.12470000,0.11350000,0.12170000,65554502.00000000,1688169599999,7924780.04070000,41209,33880142.00000000,4096533.21190000,0
ALICEUSDT,1682812800000,1.59700000,1.60000000,1.53600000,1.55200000,735090.78000000,1682899199999,1156651.31477000,10811,347922.34000000,547349.56121000,0
ALICEUSDT,1682899200000,1.55300000,1.56100000,1.49200000,1.52500000,695414.81000000,1682985599999,1060167.66327000,11449,320537.59000000,488758.40504000,0
ALICEUSDT,1682985600000,1.52400000,1.54000000,1.50500000,1.53200000,701639.58000000,1683071999999,1070508.93255000,10796,359200.10000000,548336.19380000,0
ALICEUSDT,1683072000000,1.53100000,1.55800000,1.47400000,1.54600000,774568.38000000,1683158399999,1167725.19359000,12423,383509.17000000,578337.41001000,0
ALICEUSDT,1683158400000,1.54700000,1.55500000,1.49600000,1.50600000,510350.86000000,1683244799999,779394.77302000,7954,213731.49000000,326613.57123000,0
ALICEUSDT,1683244800000,1.50700000,1.53000000,1.47200000,1.52200000,1062566.82000000,1683331199999,1603715.41212000,12076,455367.29000000,687022.35187000,0
ALICEUSDT,1683331200000,1.52200000,1.53100000,1.42300000,1.46100000,834967.02000000,1683417599999,1222338.44431000,12214,387573.22000000,566594.97780000,0
ALICEUSDT,1683417600000,1.46000000,1.47500000,1.43500000,1.44200000,429216.59000000,1683503999999,625590.48258000,8150,188714.00000000,275055.93939000,0
ALICEUSDT,1683504000000,1.44100000,1.44700000,1.26500000,1.29800000,1878347.71000000,1683590399999,2530936.13850000,24786,872388.79000000,1173785.41046000,0
ALICEUSDT,1683590400000,1.29700000,1.33200000,1.29300000,1.31500000,691667.88000000,1683676799999,908682.33915000,9737,324755.46000000,426911.26434000,0
ALICEUSDT,1683676800000,1.31400000,1.35300000,1.25700000,1.34100000,1655311.78000000,1683763199999,2172625.69626000,19619,779135.03000000,1021631.11950000,0
ALICEUSDT,1683763200000,1.34200000,1.34200000,1.22300000,1.23400000,1365454.24000000,1683849599999,1735099.79314000,17288,640265.07000000,811256.49549000,0
ALICEUSDT,1683849600000,1.23300000,1.24600000,1.18000000,1.24600000,1436022.96000000,1683935999999,1748208.75297000,17308,701173.24000000,853565.92243000,0
ALICEUSDT,1683936000000,1.24600000,1.24900000,1.20800000,1.22200000,778770.48000000,1684022399999,954183.48032000,11095,404527.82000000,495663.67545000,0
ALICEUSDT,1684022400000,1.22300000,1.25900000,1.20300000,1.25500000,685944.85000000,1684108799999,846114.72993000,9223,348871.06000000,430435.66885000,0
ALICEUSDT,1684108800000,1.25600000,1.29600000,1.23200000,1.28000000,863349.57000000,1684195199999,1101779.58347000,11255,468406.42000000,598268.01717000,0
ALICEUSDT,1684195200000,1.28000000,1.31500000,1.25700000,1.31100000,1155304.89000000,1684281599999,1493346.12287000,12169,600598.03000000,776480.56640000,0
ALICEUSDT,1684281600000,1.31100000,1.35200000,1.27700000,1.34500000,1645821.87000000,1684367999999,2167719.23987000,14318,784434.42000000,1033797.28980000,0
ALICEUSDT,1684368000000,1.34600000,1.34700000,1.27700000,1.32500000,1056012.73000000,1684454399999,1391052.15991000,8649,466293.46000000,613967.21644000,0
ALICEUSDT,1684454400000,1.32400000,1.33400000,1.29700000,1.31500000,675814.32000000,1684540799999,888739.36296000,7024,291325.71000000,383171.84342000,0
ALICEUSDT,1684540800000,1.31500000,1.34100000,1.29900000,1.33100000,440702.78000000,1684627199999,582712.27793000,4576,186009.02000000,246001.01807000,0
ALICEUSDT,1684627200000,1.33200000,1.33200000,1.28200000,1.29200000,459538.12000000,1684713599999,600473.51185000,5038,185519.53000000,242374.33194000,0
ALICEUSDT,1684713600000,1.29200000,1.34600000,1.26500000,1.33400000,886157.14000000,1684799999999,1161397.46326000,7804,463462.91000000,608928.12766000,0
ALICEUSDT,1684800000000,1.33500000,1.36600000,1.31900000,1.33500000,716577.42000000,1684886399999,958805.92488000,6315,295321.14000000,395475.21789000,0
ALICEUSDT,1684886400000,1.33600000,1.33700000,1.27000000,1.28700000,943182.95000000,1684972799999,1223986.54075000,9445,385472.38000000,499872.32802000,0
ALICEUSDT,1684972800000,1.28700000,1.31100000,1.24600000,1.30800000,720667.14000000,1685059199999,929688.76682000,7517,382276.96000000,493292.18501000,0
ALICEUSDT,1685059200000,1.30800000,1.31900000,1.28600000,1.30700000,519072.29000000,1685145599999,676954.88415000,5328,221864.76000000,289391.49816000,0
ALICEUSDT,1685145600000,1.30800000,1.32100000,1.29800000,1.31600000,296998.60000000,1685231999999,389501.71065000,5030,130524.56000000,171300.45490000,0
ALICEUSDT,1685232000000,1.31600000,1.35400000,1.30900000,1.33500000,869508.88000000,1685318399999,1154454.90409000,10549,357005.68000000,474206.16056000,0
ALICEUSDT,1685318400000,1.33500000,1.34300000,1.28900000,1.29400000,932195.38000000,1685404799999,1223929.22002000,12130,400639.88000000,526308.51988000,0
ALICEUSDT,1685404800000,1.29500000,1.30500000,1.27900000,1.30200000,694927.08000000,1685491199999,898729.21362000,11821,283791.07000000,367198.20840000,0
ALICEUSDT,1685491200000,1.30200000,1.31400000,1.24900000,1.27200000,649182.50000000,1685577599999,826410.09042000,10915,264820.86000000,337388.30205000,0
ALICEUSDT,1685577600000,1.27100000,1.29000000,1.24400000,1.27300000,702175.66000000,1685663999999,896142.64567000,9815,331709.00000000,423822.30086000,0
ALICEUSDT,1685664000000,1.27400000,1.31900000,1.25800000,1.31400000,596900.19000000,1685750399999,774943.11709000,6413,294041.43000000,381774.91200000,0
ALICEUSDT,1685750400000,1.31300000,1.31900000,1.28300000,1.29300000,441062.11000000,1685836799999,573137.28745000,4029,185959.65000000,241582.62520000,0
ALICEUSDT,1685836800000,1.29200000,1.30800000,1.27800000,1.28500000,437375.77000000,1685923199999,565810.02283000,4828,188403.93000000,243757.63057000,0
ALICEUSDT,1685923200000,1.28500000,1.28500000,1.10200000,1.12900000,2364593.05000000,1686009599999,2791144.26979000,22832,1109257.62000000,1306683.81540000,0
ALICEUSDT,1686009600000,1.12800000,1.19900000,1.10500000,1.18100000,1607664.10000000,1686095999999,1835966.81652000,12067,784584.66000000,895587.13104000,0
ALICEUSDT,1686096000000,1.18100000,1.18200000,1.08100000,1.09400000,1547759.15000000,1686182399999,1735752.42040000,13427,744793.44000000,835583.38454000,0
ALICEUSDT,1686182400000,1.09400000,1.12200000,1.07100000,1.10700000,709597.69000000,1686268799999,779678.45410000,8276,323242.42000000,355509.16124000,0
ALICEUSDT,1686268800000,1.10800000,1.12500000,1.08200000,1.09300000,826358.58000000,1686355199999,911337.06651000,8459,401742.85000000,443130.74887000,0
ALICEUSDT,1686355200000,1.09200000,1.09300000,0.80400000,0.87300000,4595681.74000000,1686441599999,4124315.70162000,38739,2320883.54000000,2069882.06739000,0
ALICEUSDT,1686441600000,0.87300000,0.88300000,0.84400000,0.85200000,1299605.69000000,1686527999999,1127399.79236000,12463,637248.35000000,553487.42341000,0
ALICEUSDT,1686528000000,0.85300000,0.90200000,0.82300000,0.89100000,1921406.15000000,1686614399999,1657482.33426000,15617,990655.20000000,855835.01235000,0
ALICEUSDT,1686614400000,0.89100000,0.95800000,0.88900000,0.91000000,3205532.85000000,1686700799999,2950662.70455000,24380,1547727.17000000,1428312.05901000,0
ALICEUSDT,1686700800000,0.91100000,0.92000000,0.82700000,0.84900000,1876751.14000000,1686787199999,1648932.37344000,14938,932118.78000000,819242.59955000,0
ALICEUSDT,1686787200000,0.84800000,0.88800000,0.84500000,0.88300000,1170054.62000000,1686873599999,1008274.55916000,10535,514181.68000000,443386.73244000,0
ALICEUSDT,1686873600000,0.88300000,0.92200000,0.87600000,0.90400000,1016864.03000000,1686959999999,911873.91457000,8899,479603.73000000,430290.80203000,0
ALICEUSDT,1686960000000,0.90400000,0.93300000,0.89700000,0.91500000,1373883.88000000,1687046399999,1254139.97335000,8960,709015.71000000,647220.88854000,0
ALICEUSDT,1687046400000,0.91500000,0.91600000,0.88600000,0.89400000,790724.52000000,1687132799999,714799.62666000,7121,336471.12000000,304218.35350000,0
ALICEUSDT,1687132800000,0.89400000,0.90700000,0.88200000,0.90500000,667983.73000000,1687219199999,596630.45103000,6028,302307.68000000,270068.31573000,0
ALICEUSDT,1687219200000,0.90400000,0.93000000,0.86800000,0.92700000,1100678.50000000,1687305599999,989264.96328000,9352,487892.19000000,439048.88532000,0
ALICEUSDT,1687305600000,0.92800000,0.99600000,0.92400000,0.97900000,1813383.02000000,1687391999999,1743507.41262000,16849,863514.33000000,831020.40293000,0
ALICEUSDT,1687392000000,0.97800000,1.02300000,0.95800000,0.97800000,2257577.80000000,1687478399999,2246168.68527000,17318,1077655.69000000,1070983.15716000,0
ALICEUSDT,1687478400000,0.97800000,1.04000000,0.97500000,1.02700000,1555484.74000000,1687564799999,1568090.35557000,16674,720340.85000000,723992.88622000,0
ALICEUSDT,1687564800000,1.02800000,1.05400000,0.99700000,1.03900000,1519562.79000000,1687651199999,1561713.22531000,15252,742339.14000000,763139.09385000,0
ALICEUSDT,1687651200000,1.03900000,1.09200000,1.03800000,1.06100000,1917540.79000000,1687737599999,2050788.52202000,16631,888541.24000000,950552.54903000,0
ALICEUSDT,1687737600000,1.06100000,1.07600000,1.02100000,1.04100000,1472463.05000000,1687823999999,1538952.27553000,15505,777110.54000000,812072.22024000,0
ALICEUSDT,1687824000000,1.04100000,1.07400000,1.04100000,1.05700000,923270.72000000,1687910399999,978128.06586000,9865,442501.18000000,468753.28250000,0
ALICEUSDT,1687910400000,1.05800000,1.05900000,0.93100000,0.95800000,1351472.08000000,1687996799999,1341143.69857000,12461,633982.81000000,628438.30680000,0
ALICEUSDT,1687996800000,0.95900000,0.99500000,0.95600000,0.97100000,736565.96000000,1688083199999,716181.28125000,8083,397827.94000000,386973.76586000,0
ALICEUSDT,1688083200000,0.97100000,1.05500000,0.94900000,1.03500000,2562157.64000000,1688169599999,2596242.29718000,23033,1202758.21000000,1216777.16705000,0
