open_time,open,high,low,close,volume,close_time,quote_asset_volume,number_of_trades,taker_buy_base_asset_volume,taker_buy_quote_asset_volume,ignore
1634774400000,0.00000160,0.00000165,0.00000158,0.00000163,5264191.00000000,1634860799999,8.49908188,2188,2234005.00000000,3.61588369,0
1634860800000,0.00000164,0.00000175,0.00000162,0.00000173,4826239.00000000,1634947199999,8.12576931,1999,2681345.00000000,4.52481379,0
1634947200000,0.00000173,0.00000175,0.00000169,0.00000174,3433689.00000000,1635033599999,5.91519491,1228,1279292.00000000,2.20923275,0
1635033600000,0.00000174,0.00000175,0.00000169,0.00000173,3079357.00000000,1635119999999,5.29110352,1185,1467723.00000000,2.52767832,0
1635120000000,0.00000173,0.00000175,0.00000167,0.00000170,2190418.00000000,1635206399999,3.71750287,1187,965838.00000000,1.64523125,0
1635206400000,0.00000169,0.00000174,0.00000167,0.00000174,4263427.00000000,1635292799999,7.22466558,2054,1710688.00000000,2.90787982,0
1635292800000,0.00000173,0.00000174,0.00000152,0.00000161,10858568.00000000,1635379199999,17.59707399,3839,4777360.00000000,7.73922804,0
1635379200000,0.00000160,0.00000168,0.00000160,0.00000166,3829089.00000000,1635465599999,6.22517393,1885,1661939.00000000,2.71819702,0
1635465600000,0.00000165,0.00000167,0.00000162,0.00000165,2789966.00000000,1635551999999,4.59088335,1300,1274453.00000000,2.10116085,0
1635552000000,0.00000164,0.00000174,0.00000164,0.00000173,5523673.00000000,1635638399999,9.35935207,2491,2366348.00000000,4.01790332,0
1635638400000,0.00000172,0.00000195,0.00000168,0.00000180,15213087.00000000,1635724799999,27.34483397,6657,7569628.00000000,13.68380372,0
1635724800000,0.00000180,0.00000180,0.00000169,0.00000177,6105958.00000000,1635811199999,10.60401531,2571,2713997.00000000,4.73067208,0
1635811200000,0.00000175,0.00000176,0.00000168,0.00000174,6571059.00000000,1635897599999,11.28998889,2557,2930244.00000000,5.04368642,0
1635897600000,0.00000172,0.00000191,0.00000167,0.00000188,32242042.00000000,1635983999999,57.77272598,11653,14851850.00000000,26.77543038,0
1635984000000,0.00000186,0.00000186,0.00000177,0.00000182,10921936.00000000,1636070399999,19.76973914,4004,5212623.00000000,9.44852969,0
1636070400000,0.00000182,0.00000184,0.00000175,0.00000179,5425896.00000000,1636156799999,9.73845220,2081,2514022.00000000,4.53082622,0
1636156800000,0.00000179,0.00000181,0.00000174,0.00000176,2614172.00000000,1636243199999,4.63435592,1206,1360045.00000000,2.42086020,0
1636243200000,0.00000177,0.00000178,0.00000170,0.00000172,7036934.00000000,1636329599999,12.24978922,2625,2931134.00000000,5.12872356,0
1636329600000,0.00000172,0.00000172,0.00000161,0.00000163,8917131.00000000,1636415999999,14.67893311,2644,4029597.00000000,6.64499011,0
1636416000000,0.00000163,0.00000163,0.00000158,0.00000160,7486477.00000000,1636502399999,12.03118538,2054,3878610.00000000,6.23031691,0
1636502400000,0.00000159,0.00000175,0.00000159,0.00000164,32041535.00000000,1636588799999,53.59160896,9665,17478807.00000000,29.31231061,0
1636588800000,0.00000164,0.00000167,0.00000161,0.00000166,8414779.00000000,1636675199999,13.82280002,2429,3215697.00000000,5.30746715,0
1636675200000,0.00000167,0.00000167,0.00000160,0.00000165,5890021.00000000,1636761599999,9.59831112,1759,2046346.00000000,3.33752915,0
1636761600000,0.00000163,0.00000173,0.00000162,0.00000167,20532682.00000000,1636847999999,33.98605655,5292,12575344.00000000,20.86917642,0
1636848000000,0.00000166,0.00000168,0.00000161,0.00000162,6197265.00000000,1636934399999,10.18708900,2385,2720798.00000000,4.48552425,0
1636934400000,0.00000163,0.00000173,0.00000160,0.00000171,5709001.00000000,1637020799999,9.43664160,2203,3347243.00000000,5.56897217,0
1637020800000,0.00000171,0.00000185,0.00000164,0.00000185,29907900.00000000,1637107199999,52.94012888,10237,14768140.00000000,26.23814367,0
1637107200000,0.00000185,0.00000200,0.00000177,0.00000192,27670776.00000000,1637193599999,52.18076424,14517,14667841.00000000,27.73635625,0
1637193600000,0.00000193,0.00000214,0.00000170,0.00000175,42390755.00000000,1637279999999,79.46393917,19100,19844094.00000000,37.10980109,0
1637280000000,0.00000176,0.00000180,0.00000169,0.00000178,19746960.00000000,1637366399999,34.59326063,10083,9856730.00000000,17.30648824,0
1637366400000,0.00000178,0.00000259,0.00000176,0.00000200,118044426.00000000,1637452799999,252.36882850,40394,58571562.00000000,125.97417938,0
1637452800000,0.00000201,0.00000316,0.00000201,0.00000282,235508634.00000000,1637539199999,629.15766951,93307,117639265.00000000,313.53358026,0
1637539200000,0.00000282,0.00000286,0.00000239,0.00000245,60657321.00000000,1637625599999,152.44768538,23843,32604227.00000000,81.96964747,0
1637625600000,0.00000245,0.00000246,0.00000224,0.00000237,39887031.00000000,1637711999999,91.80864524,16870,20018582.00000000,46.11210942,0
1637712000000,0.00000237,0.00000237,0.00000220,0.00000228,20726121.00000000,1637798399999,46.86871893,5687,10427340.00000000,23.58887955,0
1637798400000,0.00000229,0.00000244,0.00000209,0.00000228,31947973.00000000,1637884799999,72.50905662,8449,14337824.00000000,32.54536395,0
1637884800000,0.00000229,0.00000230,0.00000210,0.00000217,17986627.00000000,1637971199999,39.16395304,5055,8676728.00000000,18.89998830,0
1637971200000,0.00000218,0.00000222,0.00000211,0.00000219,9659639.00000000,1638057599999,20.96519804,2793,4302500.00000000,9.36984339,0
1638057600000,0.00000219,0.00000226,0.00000198,0.00000203,24263573.00000000,1638143999999,49.98859183,5062,13576128.00000000,27.95146911,0
1638144000000,0.00000203,0.00000209,0.00000198,0.00000206,7599593.00000000,1638230399999,15.50866202,2602,3337587.00000000,6.83481843,0
1638230400000,0.00000206,0.00000210,0.00000189,0.00000203,12125722.00000000,1638316799999,24.09957648,2995,6267254.00000000,12.43845128,0
1638316800000,0.00000203,0.00000212,0.00000200,0.00000205,13874419.00000000,1638403199999,28.38165246,3363,7198074.00000000,14.75057387,0
1638403200000,0.00000205,0.00000212,0.00000200,0.00000206,14248648.00000000,1638489599999,29.08650096,3955,6691434.00000000,13.67220156,0
1638489600000,0.00000206,0.00000210,0.00000199,0.00000203,19111549.00000000,1638575999999,38.97468521,5965,8446464.00000000,17.25416965,0
1638576000000,0.00000205,0.00000205,0.00000163,0.00000188,24810969.00000000,1638662399999,44.71348531,6584,10443870.00000000,18.79860152,0
1638662400000,0.00000188,0.00000214,0.00000170,0.00000174,20574834.00000000,1638748799999,38.58712996,6385,10204249.00000000,19.32239006,0
1638748800000,0.00000175,0.00000215,0.00000175,0.00000188,27086019.00000000,1638835199999,51.07611752,8292,14394629.00000000,27.15785115,0
1638835200000,0.00000188,0.00000190,0.00000180,0.00000186,8940092.00000000,1638921599999,16.48362768,2748,4477085.00000000,8.28157587,0
1638921600000,0.00000186,0.00000191,0.00000180,0.00000187,11831427.00000000,1639007999999,21.92651198,2583,5915842.00000000,10.99414727,0
1639008000000,0.00000188,0.00000189,0.00000180,0.00000180,4850285.00000000,1639094399999,8.93423404,1627,1887113.00000000,3.47048488,0
1639094400000,0.00000181,0.00000185,0.00000172,0.00000173,5691218.00000000,1639180799999,10.05897220,1850,2454113.00000000,4.35879054,0
1639180800000,0.00000173,0.00000178,0.00000172,0.00000175,3358693.00000000,1639267199999,5.89276821,1248,2066478.00000000,3.62899812,0
1639267200000,0.00000174,0.00000176,0.00000172,0.00000174,2507418.00000000,1639353599999,4.35880526,791,1150496.00000000,2.00412542,0
1639353600000,0.00000174,0.00000174,0.00000162,0.00000167,5684665.00000000,1639439999999,9.49193506,1896,3120427.00000000,5.19999383,0
1639440000000,0.00000167,0.00000172,0.00000154,0.00000165,18786939.00000000,1639526399999,30.26938234,3943,9984734.00000000,16.21872038,0
1639526400000,0.00000164,0.00000184,0.00000160,0.00000171,24148225.00000000,1639612799999,40.87154376,5700,11641284.00000000,19.92123180,0
1639612800000,0.00000171,0.00000175,0.00000168,0.00000171,5556874.00000000,1639699199999,9.51683649,2247,2485657.00000000,4.27150275,0
1639699200000,0.00000170,0.00000176,0.00000170,0.00000175,4742566.00000000,1639785599999,8.21260081,1404,1914037.00000000,3.31905730,0
1639785600000,0.00000176,0.00000186,0.00000176,0.00000181,16284787.00000000,1639871999999,29.74790767,3341,4841922.00000000,8.83450080,0
1639872000000,0.00000182,0.00000206,0.00000181,0.00000186,9228408.00000000,1639958399999,17.69693012,4322,5219606.00000000,10.05408813,0
1639958400000,0.00000187,0.00000197,0.00000180,0.00000183,11811244.00000000,1640044799999,22.35471691,3454,6231807.00000000,11.86877102,0
1640044800000,0.00000184,0.00000191,0.00000177,0.00000180,7480710.00000000,1640131199999,13.65602714,1994,3461490.00000000,6.34515021,0
1640131200000,0.00000180,0.00000185,0.00000179,0.00000183,3042869.00000000,1640217599999,5.52649040,959,1498440.00000000,2.72985299,0
1640217600000,0.00000184,0.00000191,0.00000180,0.00000185,3903866.00000000,1640303999999,7.20138082,1326,2213046.00000000,4.10030678,0
1640304000000,0.00000186,0.00000189,0.00000179,0.00000182,6374462.00000000,1640390399999,11.75870871,1580,2184518.00000000,4.04588029,0
1640390400000,0.00000182,0.00000185,0.00000180,0.00000185,1326079.00000000,1640476799999,2.41037598,500,657813.00000000,1.19906501,0
1640476800000,0.00000185,0.00000185,0.00000181,0.00000183,1982857.00000000,1640563199999,3.63661998,800,864421.00000000,1.58957261,0
1640563200000,0.00000183,0.00000184,0.00000180,0.00000183,4073120.00000000,1640649599999,7.41001419,1049,1410010.00000000,2.57371568,0
1640649600000,0.00000184,0.00000208,0.00000182,0.00000188,16598949.00000000,1640735999999,32.09647530,5442,8987877.00000000,17.42151010,0
1640736000000,0.00000187,0.00000195,0.00000181,0.00000184,5540769.00000000,1640822399999,10.40951290,1975,2515532.00000000,4.75766827,0
1640822400000,0.00000184,0.00000185,0.00000180,0.00000183,2679414.00000000,1640908799999,4.88862362,805,1201475.00000000,2.19894523,0
1640908800000,0.00000184,0.00000189,0.00000181,0.00000184,2915761.00000000,1640995199999,5.38684990,1088,1627632.00000000,3.01965509,0
1640995200000,0.00000184,0.00000185,0.00000181,0.00000183,1201319.00000000,1641081599999,2.19766247,814,442538.00000000,0.81187163,0
1641081600000,0.00000183,0.00000200,0.00000183,0.00000200,5269213.00000000,1641167999999,10.12110353,2573,3455764.00000000,6.65069325,0
1641168000000,0.00000200,0.00000204,0.00000193,0.00000196,4986600.00000000,1641254399999,9.86319082,2457,2688510.00000000,5.33637877,0
1641254400000,0.00000197,0.00000198,0.00000190,0.00000194,1607602.00000000,1641340799999,3.10093717,927,639189.00000000,1.23503669,0
1641340800000,0.00000195,0.00000198,0.00000187,0.00000190,4395584.00000000,1641427199999,8.49230006,1998,2077976.00000000,4.02822340,0
1641427200000,0.00000190,0.00000190,0.00000182,0.00000189,3840585.00000000,1641513599999,7.16627883,1692,2132658.00000000,3.98849884,0
1641513600000,0.00000187,0.00000189,0.00000181,0.00000185,3524234.00000000,1641599999999,6.48567408,1467,1810773.00000000,3.34043863,0
1641600000000,0.00000187,0.00000187,0.00000175,0.00000177,3289039.00000000,1641686399999,5.95268018,1236,1223092.00000000,2.22014166,0
1641686400000,0.00000177,0.00000183,0.00000176,0.00000181,1489599.00000000,1641772799999,2.67940170,775,841214.00000000,1.51838498,0
1641772800000,0.00000180,0.00000188,0.00000170,0.00000171,7983255.00000000,1641859199999,14.18640895,2377,3936762.00000000,7.03933038,0
1641859200000,0.00000173,0.00000194,0.00000169,0.00000177,17261539.00000000,1641945599999,31.01282461,6120,9507001.00000000,17.23650312,0
1641945600000,0.00000178,0.00000185,0.00000174,0.00000180,6409310.00000000,1642031999999,11.41955872,1724,3365408.00000000,6.01246700,0
1642032000000,0.00000180,0.00000182,0.00000177,0.00000179,2007424.00000000,1642118399999,3.59607227,789,1256268.00000000,2.25527012,0
1642118400000,0.00000179,0.00000183,0.00000176,0.00000180,5175940.00000000,1642204799999,9.27269723,1411,2461000.00000000,4.40378212,0
1642204800000,0.00000179,0.00000183,0.00000178,0.00000183,1131485.00000000,1642291199999,2.03991816,489,747713.00000000,1.35137988,0
1642291200000,0.00000183,0.00000192,0.00000179,0.00000182,4122763.00000000,1642377599999,7.61783216,1481,2442524.00000000,4.52484949,0
1642377600000,0.00000183,0.00000185,0.00000177,0.00000183,2348657.00000000,1642463999999,4.22439825,1088,1146689.00000000,2.06959946,0
1642464000000,0.00000183,0.00000188,0.00000176,0.00000179,4539335.00000000,1642550399999,8.17263784,1655,2103843.00000000,3.79683714,0
1642550400000,0.00000178,0.00000179,0.00000171,0.00000175,1867091.00000000,1642636799999,3.24768788,813,772454.00000000,1.34498373,0
1642636800000,0.00000173,0.00000176,0.00000171,0.00000172,3138603.00000000,1642723199999,5.45031266,1266,1584263.00000000,2.75677256,0
1642723200000,0.00000172,0.00000173,0.00000161,0.00000163,5374546.00000000,1642809599999,9.02619609,2070,2025081.00000000,3.42090229,0
1642809600000,0.00000164,0.00000174,0.00000146,0.00000156,6704830.00000000,1642895999999,10.71577557,3212,3527322.00000000,5.68638260,0
1642896000000,0.00000157,0.00000163,0.00000155,0.00000159,6641201.00000000,1642982399999,10.55329627,1943,3336331.00000000,5.32004596,0
1642982400000,0.00000158,0.00000163,0.00000146,0.00000149,3744824.00000000,1643068799999,5.71476417,1711,2030117.00000000,3.08779041,0
1643068800000,0.00000150,0.00000152,0.00000147,0.00000150,1837395.00000000,1643155199999,2.73088643,857,1060749.00000000,1.58137636,0
1643155200000,0.00000150,0.00000180,0.00000147,0.00000159,26214900.00000000,1643241599999,42.59148670,9362,14216437.00000000,23.27629773,0
1643241600000,0.00000160,0.00000171,0.00000160,0.00000163,5859650.00000000,1643327999999,9.69090760,2575,2987515.00000000,4.96349835,0
1643328000000,0.00000164,0.00000168,0.00000160,0.00000164,2527405.00000000,1643414399999,4.11582254,1105,1380857.00000000,2.25394768,0
1643414400000,0.00000164,0.00000169,0.00000162,0.00000164,2545900.00000000,1643500799999,4.20209461,1032,1179250.00000000,1.95359589,0
1643500800000,0.00000165,0.00000174,0.00000162,0.00000168,3375019.00000000,1643587199999,5.66590537,1336,2025295.00000000,3.41204568,0
1643587200000,0.00000168,0.00000176,0.00000164,0.00000170,10317552.00000000,1643673599999,17.33021374,2131,4689381.00000000,7.91699406,0
1643673600000,0.00000170,0.00000178,0.00000164,0.00000168,6734686.00000000,1643759999999,11.41975802,2657,3378981.00000000,5.77952739,0
1643760000000,0.00000170,0.00000186,0.00000166,0.00000178,26213116.00000000,1643846399999,46.43602892,7186,12473467.00000000,22.15579567,0
1643846400000,0.00000178,0.00000206,0.00000177,0.00000185,21002654.00000000,1643932799999,39.48952903,7223,10785280.00000000,20.38575862,0
1643932800000,0.00000185,0.00000205,0.00000178,0.00000179,20293854.00000000,1644019199999,38.57716274,5011,7059978.00000000,13.58193181,0
1644019200000,0.00000180,0.00000195,0.00000179,0.00000187,11219152.00000000,1644105599999,21.01879848,3949,5327874.00000000,9.99559575,0
1644105600000,0.00000188,0.00000190,0.00000180,0.00000183,14035251.00000000,1644191999999,26.11496110,2535,10334511.00000000,19.28579725,0
1644192000000,0.00000183,0.00000252,0.00000176,0.00000210,109189995.00000000,1644278399999,240.50869859,25422,56268483.00000000,123.48676588,0
1644278400000,0.00000210,0.00000212,0.00000184,0.00000190,27190318.00000000,1644364799999,52.40388234,7529,13748367.00000000,26.50125709,0
1644364800000,0.00000190,0.00000193,0.00000182,0.00000186,12696562.00000000,1644451199999,23.64665159,2702,7538767.00000000,14.07521300,0
1644451200000,0.00000186,0.00000186,0.00000177,0.00000182,5300034.00000000,1644537599999,9.60547147,1726,2395375.00000000,4.34503691,0
1644537600000,0.00000181,0.00000192,0.00000181,0.00000188,18618496.00000000,1644623999999,34.82284884,3853,11020680.00000000,20.62885048,0
1644624000000,0.00000187,0.00000214,0.00000186,0.00000201,28158839.00000000,1644710399999,56.21649834,6924,13299680.00000000,26.54193170,0
1644710400000,0.00000201,0.00000208,0.00000188,0.00000198,25121097.00000000,1644796799999,49.76588589,4494,13043347.00000000,25.87182120,0
1644796800000,0.00000198,0.00000214,0.00000195,0.00000202,13341270.00000000,1644883199999,26.82610417,3695,7504266.00000000,15.08814402,0
1644883200000,0.00000201,0.00000205,0.00000198,0.00000204,7027034.00000000,1644969599999,14.14307354,1975,3883608.00000000,7.82055499,0
1644969600000,0.00000204,0.00000205,0.00000199,0.00000204,7182036.00000000,1645055999999,14.49321025,2132,3806685.00000000,7.69935722,0
1645056000000,0.00000204,0.00000208,0.00000200,0.00000206,5057816.00000000,1645142399999,10.33320678,1849,3147755.00000000,6.44975939,0
1645142400000,0.00000206,0.00000211,0.00000202,0.00000205,6912096.00000000,1645228799999,14.20973627,2662,3639417.00000000,7.47927559,0
1645228800000,0.00000204,0.00000207,0.00000202,0.00000204,2876460.00000000,1645315199999,5.87961694,1142,1849544.00000000,3.78453980,0
1645315200000,0.00000204,0.00000208,0.00000202,0.00000206,6185808.00000000,1645401599999,12.64653793,1897,3341805.00000000,6.84533981,0
1645401600000,0.00000206,0.00000224,0.00000187,0.00000188,21578779.00000000,1645487999999,44.29115278,5901,9393003.00000000,19.49460742,0
1645488000000,0.00000188,0.00000190,0.00000177,0.00000189,20809205.00000000,1645574399999,37.75877204,4594,10640209.00000000,19.31829117,0
1645574400000,0.00000190,0.00000200,0.00000185,0.00000189,10945809.00000000,1645660799999,20.94105656,3152,5872057.00000000,11.25474900,0
1645660800000,0.00000189,0.00000196,0.00000175,0.00000179,21697763.00000000,1645747199999,39.25282658,4714,10837194.00000000,19.66042077,0
1645747200000,0.00000179,0.00000213,0.00000175,0.00000199,35790081.00000000,1645833599999,70.50023352,8916,19621259.00000000,38.59852918,0
1645833600000,0.00000200,0.00000208,0.00000197,0.00000204,8404683.00000000,1645919999999,17.03200044,1994,3966569.00000000,8.06346129,0
1645920000000,0.00000203,0.00000204,0.00000197,0.00000200,5702380.00000000,1646006399999,11.39661075,1602,2576860.00000000,5.17089944,0
1646006400000,0.00000201,0.00000204,0.00000192,0.00000199,6636711.00000000,1646092799999,13.13813962,2036,4014642.00000000,7.96749433,0
1646092800000,0.00000198,0.00000206,0.00000192,0.00000195,4593499.00000000,1646179199999,9.05752155,1493,2443850.00000000,4.83426544,0
1646179200000,0.00000194,0.00000202,0.00000188,0.00000192,9299808.00000000,1646265599999,18.09301770,2159,4595698.00000000,8.96126797,0
1646265600000,0.00000193,0.00000198,0.00000190,0.00000196,3266541.00000000,1646351999999,6.36512995,1070,2030348.00000000,3.95876240,0
1646352000000,0.00000196,0.00000205,0.00000193,0.00000202,4217177.00000000,1646438399999,8.36158160,1208,2583300.00000000,5.13721911,0
1646438400000,0.00000202,0.00000206,0.00000200,0.00000205,3937102.00000000,1646524799999,7.99046968,1030,1847342.00000000,3.76370665,0
1646524800000,0.00000205,0.00000205,0.00000200,0.00000203,1507832.00000000,1646611199999,3.04445922,732,810190.00000000,1.63935438,0
1646611200000,0.00000204,0.00000204,0.00000195,0.00000200,2759485.00000000,1646697599999,5.50583938,923,1331098.00000000,2.66061481,0
1646697600000,0.00000200,0.00000206,0.00000198,0.00000201,2903735.00000000,1646783999999,5.85492355,1337,1495639.00000000,3.01641478,0
1646784000000,0.00000202,0.00000204,0.00000189,0.00000192,3547621.00000000,1646870399999,6.88691585,1051,2058637.00000000,3.97571577,0
1646870400000,0.00000193,0.00000198,0.00000190,0.00000196,2896331.00000000,1646956799999,5.65183430,745,1818402.00000000,3.55873392,0
1646956800000,0.00000197,0.00000198,0.00000190,0.00000194,2671294.00000000,1647043199999,5.17420952,815,1452173.00000000,2.82196303,0
1647043200000,0.00000196,0.00000199,0.00000193,0.00000194,1554238.00000000,1647129599999,3.03747049,633,971484.00000000,1.90345482,0
1647129600000,0.00000193,0.00000196,0.00000187,0.00000189,2131944.00000000,1647215999999,4.06128027,789,912801.00000000,1.74165572,0
1647216000000,0.00000190,0.00000200,0.00000183,0.00000185,7786690.00000000,1647302399999,14.64736095,3330,3796261.00000000,7.16455504,0
1647302400000,0.00000184,0.00000193,0.00000181,0.00000188,6328279.00000000,1647388799999,11.76041048,3235,3167988.00000000,5.90448193,0
1647388800000,0.00000189,0.00000199,0.00000180,0.00000184,7945757.00000000,1647475199999,14.81221564,4269,3461741.00000000,6.48049282,0
1647475200000,0.00000186,0.00000208,0.00000183,0.00000199,48982884.00000000,1647561599999,96.11395936,13159,18785458.00000000,36.88469037,0
1647561600000,0.00000198,0.00000214,0.00000197,0.00000201,13530041.00000000,1647647999999,27.44043413,5383,5321018.00000000,10.82963244,0
1647648000000,0.00000199,0.00000202,0.00000192,0.00000198,7751636.00000000,1647734399999,15.32229479,4211,3120272.00000000,6.19094195,0
1647734400000,0.00000200,0.00000200,0.00000194,0.00000197,5106176.00000000,1647820799999,10.05408373,2758,2106581.00000000,4.13718957,0
1647820800000,0.00000197,0.00000200,0.00000195,0.00000200,4727004.00000000,1647907199999,9.34505937,1965,1492767.00000000,2.95660020,0
1647907200000,0.00000199,0.00000200,0.00000193,0.00000196,4814480.00000000,1647993599999,9.43266725,1402,1588919.00000000,3.12261162,0
1647993600000,0.00000195,0.00000203,0.00000193,0.00000202,8456795.00000000,1648079999999,16.73610704,1816,2772444.00000000,5.49634007,0
1648080000000,0.00000202,0.00000212,0.00000196,0.00000199,8694769.00000000,1648166399999,17.66407481,2141,3047078.00000000,6.16887478,0
1648166400000,0.00000198,0.00000202,0.00000194,0.00000198,4106341.00000000,1648252799999,8.10342761,1161,1907851.00000000,3.77031442,0
1648252800000,0.00000197,0.00000200,0.00000194,0.00000200,2922885.00000000,1648339199999,5.74797689,891,1652859.00000000,3.26222021,0
1648339200000,0.00000200,0.00000222,0.00000199,0.00000207,16809558.00000000,1648425599999,35.29460835,5594,8547091.00000000,17.87935759,0
1648425600000,0.00000208,0.00000220,0.00000206,0.00000206,8808681.00000000,1648511999999,18.69848118,3258,4560693.00000000,9.68327644,0
1648512000000,0.00000205,0.00000213,0.00000200,0.00000204,5693060.00000000,1648598399999,11.76667960,1861,2676001.00000000,5.53041309,0
1648598400000,0.00000204,0.00000221,0.00000204,0.00000220,5436894.00000000,1648684799999,11.51268293,2077,2455460.00000000,5.20298413,0
1648684800000,0.00000220,0.00000263,0.00000214,0.00000242,20861863.00000000,1648771199999,49.93071397,9425,10205683.00000000,24.46353313,0
1648771200000,0.00000242,0.00000249,0.00000226,0.00000233,14288872.00000000,1648857599999,33.40112795,3657,7796793.00000000,18.23087871,0
1648857600000,0.00000233,0.00000245,0.00000229,0.00000240,7829174.00000000,1648943999999,18.52894805,2621,4230327.00000000,10.01306897,0
1648944000000,0.00000238,0.00000244,0.00000225,0.00000235,7462609.00000000,1649030399999,17.39758344,2093,3534363.00000000,8.26593271,0
1649030400000,0.00000234,0.00000236,0.00000216,0.00000219,6448245.00000000,1649116799999,14.46158478,2062,2125028.00000000,4.77208606,0
1649116800000,0.00000218,0.00000218,0.00000209,0.00000214,5278234.00000000,1649203199999,11.26657480,1768,2439746.00000000,5.21746176,0
1649203200000,0.00000213,0.00000214,0.00000195,0.00000196,10465131.00000000,1649289599999,21.14665052,3209,3378709.00000000,6.83991460,0
1649289600000,0.00000196,0.00000214,0.00000196,0.00000206,9850088.00000000,1649375999999,20.16848188,2656,5688276.00000000,11.68834595,0
1649376000000,0.00000206,0.00000208,0.00000199,0.00000203,4788023.00000000,1649462399999,9.70400412,1313,2805223.00000000,5.68883631,0
1649462400000,0.00000203,0.00000212,0.00000203,0.00000212,5158095.00000000,1649548799999,10.76964457,1779,2788401.00000000,5.81734513,0
1649548800000,0.00000212,0.00000214,0.00000209,0.00000213,4508542.00000000,1649635199999,9.56291076,1222,1756948.00000000,3.72360178,0
1649635200000,0.00000213,0.00000213,0.00000197,0.00000201,3961312.00000000,1649721599999,7.98639829,1359,1650301.00000000,3.32314703,0
1649721600000,0.00000200,0.00000211,0.00000197,0.00000209,4708513.00000000,1649807999999,9.61689735,1491,2880558.00000000,5.88697253,0
1649808000000,0.00000208,0.00000248,0.00000208,0.00000213,15049445.00000000,1649894399999,33.28290890,6147,7717695.00000000,17.08063216,0
1649894400000,0.00000212,0.00000219,0.00000209,0.00000216,7485283.00000000,1649980799999,15.98316434,2826,3767664.00000000,8.03143006,0
1649980800000,0.00000216,0.00000216,0.00000209,0.00000213,1357018.00000000,1650067199999,2.86857134,659,662765.00000000,1.40127318,0
1650067200000,0.00000212,0.00000213,0.00000209,0.00000209,1512775.00000000,1650153599999,3.18562174,528,654276.00000000,1.37954891,0
1650153600000,0.00000211,0.00000216,0.00000208,0.00000209,1659542.00000000,1650239999999,3.51991705,704,952205.00000000,2.02312201,0
1650240000000,0.00000208,0.00000212,0.00000202,0.00000205,4817043.00000000,1650326399999,9.91478289,1772,2799317.00000000,5.76595675,0
1650326400000,0.00000205,0.00000209,0.00000204,0.00000207,5872850.00000000,1650412799999,12.11124021,1484,3866542.00000000,7.98883264,0
1650412800000,0.00000207,0.00000210,0.00000203,0.00000205,2355510.00000000,1650499199999,4.86983267,899,912487.00000000,1.88782769,0
1650499200000,0.00000204,0.00000216,0.00000204,0.00000213,5945398.00000000,1650585599999,12.52708223,2364,3588728.00000000,7.56762667,0
1650585600000,0.00000215,0.00000254,0.00000214,0.00000222,25145703.00000000,1650671999999,58.53953706,9203,11899445.00000000,27.69218974,0
1650672000000,0.00000222,0.00000223,0.00000216,0.00000220,3004900.00000000,1650758399999,6.57967355,1051,1773532.00000000,3.88689448,0
1650758400000,0.00000220,0.00000222,0.00000211,0.00000215,2046222.00000000,1650844799999,4.41831162,787,1151702.00000000,2.49506299,0
1650844800000,0.00000215,0.00000215,0.00000207,0.00000208,3313076.00000000,1650931199999,6.94425942,1553,1385107.00000000,2.91110905,0
1650931200000,0.00000208,0.00000213,0.00000207,0.00000209,3684789.00000000,1651017599999,7.71665291,1834,1309492.00000000,2.74703257,0
1651017600000,0.00000210,0.00000211,0.00000205,0.00000206,2264961.00000000,1651103999999,4.70163693,1012,1075931.00000000,2.23795668,0
1651104000000,0.00000207,0.00000211,0.00000201,0.00000205,5956003.00000000,1651190399999,12.25340139,1611,2921284.00000000,6.01335300,0
1651190400000,0.00000205,0.00000205,0.00000200,0.00000202,3775827.00000000,1651276799999,7.62051085,1118,1726349.00000000,3.49236292,0
1651276800000,0.00000201,0.00000204,0.00000195,0.00000196,2701241.00000000,1651363199999,5.39163752,645,1869483.00000000,3.74106056,0
1651363200000,0.00000196,0.00000203,0.00000189,0.00000192,4530618.00000000,1651449599999,8.75079930,1432,2284029.00000000,4.41987710,0
1651449600000,0.00000192,0.00000199,0.00000187,0.00000194,4502042.00000000,1651535999999,8.68512988,1421,2233187.00000000,4.31847825,0
1651536000000,0.00000194,0.00000206,0.00000192,0.00000204,4545994.00000000,1651622399999,9.06064821,1838,2060029.00000000,4.10539179,0
1651622400000,0.00000205,0.00000205,0.00000196,0.00000205,3121209.00000000,1651708799999,6.25759079,1398,1883662.00000000,3.78606328,0
1651708800000,0.00000204,0.00000207,0.00000198,0.00000202,1490462.00000000,1651795199999,3.01801054,815,610776.00000000,1.24012433,0
1651795200000,0.00000201,0.00000202,0.00000194,0.00000200,2755865.00000000,1651881599999,5.42682943,974,1373039.00000000,2.70615812,0
1651881600000,0.00000200,0.00000203,0.00000196,0.00000199,1710088.00000000,1651967999999,3.40473597,705,781788.00000000,1.55731718,0
1651968000000,0.00000199,0.00000209,0.00000195,0.00000199,5078780.00000000,1652054399999,10.21078207,1805,2206157.00000000,4.43908601,0
1652054400000,0.00000200,0.00000201,0.00000184,0.00000195,8312235.00000000,1652140799999,15.90654060,2275,4285650.00000000,8.22959410,0
1652140800000,0.00000194,0.00000203,0.00000189,0.00000194,6088156.00000000,1652227199999,11.96925818,1884,3005734.00000000,5.90611230,0
1652227200000,0.00000195,0.00000195,0.00000156,0.00000160,14283884.00000000,1652313599999,24.38946391,3615,7319862.00000000,12.49212227,0
1652313600000,0.00000160,0.00000165,0.00000127,0.00000141,19761066.00000000,1652399999999,27.93829495,4043,10566650.00000000,14.85500908,0
1652400000000,0.00000140,0.00000168,0.00000138,0.00000162,11921554.00000000,1652486399999,18.50461404,3024,6815700.00000000,10.57135833,0
1652486400000,0.00000161,0.00000178,0.00000159,0.00000170,9415653.00000000,1652572799999,15.80164938,2694,5350463.00000000,8.96289743,0
1652572800000,0.00000171,0.00000174,0.00000167,0.00000174,2402319.00000000,1652659199999,4.09943567,1054,1220660.00000000,2.08860875,0
1652659200000,0.00000174,0.00000183,0.00000163,0.00000167,7909079.00000000,1652745599999,13.49764839,1610,5207998.00000000,8.84862194,0
1652745600000,0.00000168,0.00000189,0.00000165,0.00000180,10970315.00000000,1652831999999,19.33901090,2597,5219896.00000000,9.23200015,0
1652832000000,0.00000179,0.00000180,0.00000168,0.00000168,5106315.00000000,1652918399999,8.92400891,1157,2416995.00000000,4.22103853,0
1652918400000,0.00000168,0.00000177,0.00000159,0.00000167,12253482.00000000,1653004799999,20.19952483,2792,6936033.00000000,11.41545767,0
1653004800000,0.00000167,0.00000170,0.00000164,0.00000168,4139172.00000000,1653091199999,6.89718792,1360,1822146.00000000,3.04855220,0
1653091200000,0.00000169,0.00000177,0.00000165,0.00000173,3791718.00000000,1653177599999,6.45579698,1077,1945544.00000000,3.32290081,0
1653177600000,0.00000173,0.00000188,0.00000172,0.00000179,10418675.00000000,1653263999999,18.64290805,2486,5826285.00000000,10.43479548,0
1653264000000,0.00000178,0.00000189,0.00000174,0.00000177,6502460.00000000,1653350399999,11.78422918,1858,3455889.00000000,6.27663470,0
1653350400000,0.00000177,0.00000201,0.00000169,0.00000178,17935386.00000000,1653436799999,32.88021285,4773,8657783.00000000,15.91717515,0
1653436800000,0.00000178,0.00000178,0.00000170,0.00000177,5244903.00000000,1653523199999,9.11248374,1529,2124467.00000000,3.70148649,0
1653523200000,0.00000177,0.00000184,0.00000167,0.00000170,12006623.00000000,1653609599999,20.97809302,3149,5364103.00000000,9.38205890,0
1653609600000,0.00000171,0.00000174,0.00000163,0.00000167,6919930.00000000,1653695999999,11.58879568,2278,4028294.00000000,6.76710597,0
1653696000000,0.00000167,0.00000168,0.00000162,0.00000165,3729090.00000000,1653782399999,6.13166840,718,2635738.00000000,4.32526943,0
1653782400000,0.00000167,0.00000186,0.00000163,0.00000176,8050089.00000000,1653868799999,14.07930189,2338,4871665.00000000,8.50056904,0
1653868800000,0.00000176,0.00000210,0.00000173,0.00000176,18765540.00000000,1653955199999,35.33163163,5197,8413301.00000000,15.93161973,0
1653955200000,0.00000175,0.00000177,0.00000167,0.00000171,6032561.00000000,1654041599999,10.40392350,1808,2353709.00000000,4.07163929,0
1654041600000,0.00000170,0.00000206,0.00000170,0.00000182,27748803.00000000,1654127999999,51.60621838,7198,14464017.00000000,26.94354321,0
1654128000000,0.00000182,0.00000192,0.00000180,0.00000188,10043187.00000000,1654214399999,18.57529795,2888,5539101.00000000,10.26382626,0
1654214400000,0.00000189,0.00000209,0.00000186,0.00000193,17065254.00000000,1654300799999,33.09096367,4166,9337348.00000000,18.18218053,0
1654300800000,0.00000193,0.00000208,0.00000188,0.00000196,13572796.00000000,1654387199999,26.68163700,5565,6729136.00000000,13.25377684,0
1654387200000,0.00000197,0.00000201,0.00000192,0.00000197,2294518.00000000,1654473599999,4.50921953,745,1162591.00000000,2.28985047,0
1654473600000,0.00000196,0.00000196,0.00000188,0.00000190,2309464.00000000,1654559999999,4.43509534,910,1104517.00000000,2.12316128,0
1654560000000,0.00000191,0.00000192,0.00000184,0.00000185,2572759.00000000,1654646399999,4.84600509,1121,1053003.00000000,1.99030058,0
1654646400000,0.00000186,0.00000188,0.00000182,0.00000186,2221051.00000000,1654732799999,4.12710481,950,1082613.00000000,2.01679195,0
1654732800000,0.00000186,0.00000188,0.00000177,0.00000182,13473583.00000000,1654819199999,24.63443785,3443,6313709.00000000,11.60153472,0
1654819200000,0.00000180,0.00000193,0.00000169,0.00000176,16668989.00000000,1654905599999,30.66208948,3435,7590797.00000000,14.01100630,0
1654905600000,0.00000175,0.00000176,0.00000165,0.00000169,3107530.00000000,1654991999999,5.28791181,1086,1473826.00000000,2.51838175,0
1654992000000,0.00000170,0.00000178,0.00000157,0.00000163,9621273.00000000,1655078399999,15.96642013,3221,4201703.00000000,7.06996801,0
1655078400000,0.00000164,0.00000170,0.00000149,0.00000161,14626842.00000000,1655164799999,23.04493674,4017,6852694.00000000,10.87886683,0
1655164800000,0.00000160,0.00000166,0.00000150,0.00000162,11413224.00000000,1655251199999,18.11378127,3025,6276047.00000000,9.99979589,0
1655251200000,0.00000161,0.00000169,0.00000154,0.00000169,8398771.00000000,1655337599999,13.49196258,2521,4655400.00000000,7.52807416,0
1655337600000,0.00000168,0.00000175,0.00000164,0.00000170,7170619.00000000,1655423999999,12.19974183,2219,3958199.00000000,6.75545524,0
1655424000000,0.00000170,0.00000185,0.00000170,0.00000181,9162842.00000000,1655510399999,16.23339210,2592,5334036.00000000,9.49740502,0
1655510400000,0.00000181,0.00000189,0.00000176,0.00000185,7319107.00000000,1655596799999,13.34884001,2270,3727779.00000000,6.81959905,0
1655596800000,0.00000185,0.00000193,0.00000177,0.00000182,9310641.00000000,1655683199999,17.17660032,2309,4822112.00000000,8.94609430,0
1655683200000,0.00000181,0.00000209,0.00000179,0.00000199,17272058.00000000,1655769599999,33.49160637,5504,9127534.00000000,17.71189720,0
1655769600000,0.00000199,0.00000266,0.00000193,0.00000218,34827634.00000000,1655855999999,77.28920118,11380,18995823.00000000,42.29962959,0
1655856000000,0.00000216,0.00000219,0.00000206,0.00000211,4262919.00000000,1655942399999,8.98800416,1887,1978680.00000000,4.17708571,0
1655942400000,0.00000212,0.00000220,0.00000208,0.00000210,6605330.00000000,1656028799999,14.05602468,1994,3318414.00000000,7.08182584,0
1656028800000,0.00000209,0.00000212,0.00000206,0.00000210,3074438.00000000,1656115199999,6.43529167,2597,1757005.00000000,3.69105354,0
1656115200000,0.00000210,0.00000214,0.00000204,0.00000212,4505569.00000000,1656201599999,9.43548603,4140,1668369.00000000,3.50859627,0
1656201600000,0.00000212,0.00000214,0.00000205,0.00000206,3166341.00000000,1656287999999,6.63955403,3705,1538807.00000000,3.23272811,0
1656288000000,0.00000207,0.00000236,0.00000204,0.00000209,9361913.00000000,1656374399999,20.03094854,5515,4797072.00000000,10.24253366,0
1656374400000,0.00000209,0.00000217,0.00000208,0.00000211,3912758.00000000,1656460799999,8.30326604,3945,2020446.00000000,4.30054290,0
1656460800000,0.00000211,0.00000214,0.00000202,0.00000206,4193716.00000000,1656547199999,8.69085707,3851,1569949.00000000,3.25906986,0
1656547200000,0.00000205,0.00000213,0.00000193,0.00000202,8918923.00000000,1656633599999,17.91397084,4958,3017065.00000000,6.07663493,0
1656633600000,0.00000202,0.00000217,0.00000197,0.00000206,7994987.00000000,1656719999999,16.53871474,5087,3895486.00000000,8.09667860,0
1656720000000,0.00000206,0.00000231,0.00000204,0.00000210,9250934.00000000,1656806399999,19.76215718,5299,5004149.00000000,10.72289411,0
1656806400000,0.00000210,0.00000219,0.00000209,0.00000212,3868309.00000000,1656892799999,8.22958787,4016,1969381.00000000,4.19852005,0
1656892800000,0.00000210,0.00000217,0.00000205,0.00000205,3577220.00000000,1656979199999,7.51806654,3575,1706559.00000000,3.60262470,0
1656979200000,0.00000205,0.00000208,0.00000199,0.00000201,3429527.00000000,1657065599999,6.99230202,3639,1471100.00000000,3.01504854,0
1657065600000,0.00000201,0.00000208,0.00000200,0.00000202,2279607.00000000,1657151999999,4.65157250,2833,1363995.00000000,2.78776115,0
1657152000000,0.00000203,0.00000239,0.00000201,0.00000206,18658507.00000000,1657238399999,40.63320295,8915,8373918.00000000,18.18501263,0
1657238400000,0.00000206,0.00000224,0.00000200,0.00000206,10569764.00000000,1657324799999,22.24642439,6231,3957614.00000000,8.35236257,0
1657324800000,0.00000206,0.00000213,0.00000203,0.00000209,5294122.00000000,1657411199999,11.02224757,4046,2361020.00000000,4.90541149,0
1657411200000,0.00000209,0.00000229,0.00000208,0.00000209,12155313.00000000,1657497599999,26.38778877,6796,5424374.00000000,11.80163874,0
1657497600000,0.00000209,0.00000227,0.00000203,0.00000224,8883203.00000000,1657583999999,18.98358516,5773,5042467.00000000,10.81217616,0
1657584000000,0.00000226,0.00000275,0.00000215,0.00000248,51398444.00000000,1657670399999,126.37546816,16960,27614795.00000000,68.09848255,0
1657670400000,0.00000246,0.00000277,0.00000234,0.00000253,43586805.00000000,1657756799999,111.34357133,14002,21864409.00000000,56.00310997,0
1657756800000,0.00000252,0.00000255,0.00000237,0.00000239,4633883.00000000,1657843199999,11.43650173,1717,2247768.00000000,5.55584859,0
1657843200000,0.00000239,0.00000359,0.00000238,0.00000267,49907045.00000000,1657929599999,148.06634226,13163,25215275.00000000,74.98903315,0
1657929600000,0.00000266,0.00000271,0.00000251,0.00000256,12068450.00000000,1658015999999,31.30365563,4450,5745721.00000000,14.94100853,0
1658016000000,0.00000254,0.00000255,0.00000241,0.00000248,3716090.00000000,1658102399999,9.17523620,1446,1696834.00000000,4.20226352,0
1658102400000,0.00000247,0.00000248,0.00000231,0.00000233,6770793.00000000,1658188799999,16.20506605,2757,3093328.00000000,7.40387256,0
1658188800000,0.00000234,0.00000239,0.00000223,0.00000226,11003275.00000000,1658275199999,25.57350180,3033,6166968.00000000,14.35952619,0
1658275200000,0.00000226,0.00000227,0.00000213,0.00000216,4127545.00000000,1658361599999,9.13251506,1415,1807119.00000000,3.99446091,0
1658361600000,0.00000216,0.00000220,0.00000212,0.00000217,4187709.00000000,1658447999999,9.08226121,1339,1418632.00000000,3.07920868,0
1658448000000,0.00000217,0.00000219,0.00000213,0.00000219,2816736.00000000,1658534399999,6.08148493,787,1187032.00000000,2.56592248,0
1658534400000,0.00000218,0.00000227,0.00000216,0.00000223,7358030.00000000,1658620799999,16.33522513,1335,3560548.00000000,7.93604889,0
1658620800000,0.00000222,0.00000222,0.00000218,0.00000220,2067736.00000000,1658707199999,4.55147821,542,514651.00000000,1.13540027,0
1658707200000,0.00000219,0.00000220,0.00000212,0.00000217,2723995.00000000,1658793599999,5.86542489,862,1364074.00000000,2.93885399,0
1658793600000,0.00000215,0.00000216,0.00000211,0.00000213,1461398.00000000,1658879999999,3.12068149,578,790386.00000000,1.69011254,0
1658880000000,0.00000214,0.00000231,0.00000209,0.00000212,8954840.00000000,1658966399999,19.77968112,2767,4880864.00000000,10.80148904,0
1658966400000,0.00000212,0.00000213,0.00000204,0.00000209,7576743.00000000,1659052799999,15.75467866,1824,2833399.00000000,5.88500032,0
1659052800000,0.00000207,0.00000208,0.00000203,0.00000206,2598513.00000000,1659139199999,5.34698868,911,1270256.00000000,2.61804116,0
1659139200000,0.00000205,0.00000208,0.00000201,0.00000206,3165145.00000000,1659225599999,6.49050683,925,1659398.00000000,3.41347107,0
1659225600000,0.00000206,0.00000220,0.00000206,0.00000215,5150131.00000000,1659311999999,10.92595325,1491,2764295.00000000,5.89457098,0
1659312000000,0.00000215,0.00000233,0.00000214,0.00000223,11014935.00000000,1659398399999,24.66164804,2342,6652443.00000000,14.89164660,0
1659398400000,0.00000224,0.00000227,0.00000210,0.00000214,4461967.00000000,1659484799999,9.66663672,1457,1978023.00000000,4.28891963,0
1659484800000,0.00000215,0.00000215,0.00000209,0.00000212,2466054.00000000,1659571199999,5.20307167,687,974074.00000000,2.05829581,0
1659571200000,0.00000213,0.00000216,0.00000209,0.00000214,2922213.00000000,1659657599999,6.18668863,846,1315261.00000000,2.79277107,0
1659657600000,0.00000215,0.00000216,0.00000210,0.00000215,2134421.00000000,1659743999999,4.53657224,573,1469702.00000000,3.12510459,0
1659744000000,0.00000216,0.00000224,0.00000216,0.00000220,3198545.00000000,1659830399999,7.02637805,1060,2003144.00000000,4.40830866,0
1659830400000,0.00000221,0.00000224,0.00000216,0.00000219,2042994.00000000,1659916799999,4.50317699,688,1121690.00000000,2.48119954,0
1659916800000,0.00000219,0.00000219,0.00000209,0.00000214,2096784.00000000,1660003199999,4.46612882,883,764550.00000000,1.63018013,0
1660003200000,0.00000214,0.00000215,0.00000204,0.00000209,3791575.00000000,1660089599999,7.93155475,1048,1864049.00000000,3.90441209,0
1660089600000,0.00000211,0.00000227,0.00000209,0.00000216,12773865.00000000,1660175999999,27.68341550,3318,6900426.00000000,14.95855516,0
1660176000000,0.00000216,0.00000229,0.00000210,0.00000223,10041392.00000000,1660262399999,21.93407315,3919,5355877.00000000,11.73042122,0
1660262400000,0.00000225,0.00000235,0.00000220,0.00000233,8835694.00000000,1660348799999,20.26925721,3894,5033074.00000000,11.58061070,0
1660348800000,0.00000233,0.00000236,0.00000222,0.00000224,2440914.00000000,1660435199999,5.59482878,1291,1229414.00000000,2.82928125,0
1660435200000,0.00000224,0.00000226,0.00000219,0.00000224,1674927.00000000,1660521599999,3.72526821,749,1011039.00000000,2.25212498,0
1660521600000,0.00000224,0.00000226,0.00000218,0.00000222,5204368.00000000,1660607999999,11.60852059,1777,2780465.00000000,6.19300027,0
1660608000000,0.00000223,0.00000223,0.00000215,0.00000219,3729097.00000000,1660694399999,8.11717087,1305,2121945.00000000,4.62006349,0
1660694400000,0.00000218,0.00000219,0.00000213,0.00000215,1259378.00000000,1660780799999,2.71108417,569,411121.00000000,0.88643940,0
1660780800000,0.00000213,0.00000220,0.00000212,0.00000217,3262262.00000000,1660867199999,7.04162516,1060,1964764.00000000,4.25417210,0
1660867200000,0.00000216,0.00000216,0.00000204,0.00000213,3390635.00000000,1660953599999,7.11341152,1148,1264672.00000000,2.65366346,0
1660953600000,0.00000213,0.00000215,0.00000208,0.00000210,1794743.00000000,1661039999999,3.80270585,640,725878.00000000,1.54190427,0
1661040000000,0.00000209,0.00000211,0.00000208,0.00000210,1103407.00000000,1661126399999,2.30961730,440,470600.00000000,0.98750444,0
1661126400000,0.00000209,0.00000215,0.00000204,0.00000206,5518777.00000000,1661212799999,11.45117544,1172,2683949.00000000,5.59410623,0
1661212800000,0.00000207,0.00000211,0.00000205,0.00000209,2570854.00000000,1661299199999,5.33386534,607,1512450.00000000,3.14475280,0
1661299200000,0.00000208,0.00000215,0.00000206,0.00000210,3600787.00000000,1661385599999,7.54853748,1099,1746639.00000000,3.67390368,0
1661385600000,0.00000210,0.00000310,0.00000210,0.00000263,277880659.00000000,1661471999999,741.49549713,60652,134936371.00000000,362.09150968,0
1661472000000,0.00000262,0.00000320,0.00000240,0.00000256,131325402.00000000,1661558399999,366.47779045,31583,60225168.00000000,167.98770282,0
1661558400000,0.00000256,0.00000298,0.00000255,0.00000278,46423369.00000000,1661644799999,127.92903456,12771,22050304.00000000,61.02468489,0
1661644800000,0.00000276,0.00000288,0.00000252,0.00000258,15304090.00000000,1661731199999,40.60170443,4748,6313497.00000000,16.82401668,0
1661731200000,0.00000257,0.00000257,0.00000239,0.00000250,15822984.00000000,1661817599999,38.72300471,5179,7247802.00000000,17.77175913,0
1661817600000,0.00000251,0.00000265,0.00000237,0.00000244,9990847.00000000,1661903999999,24.91126802,2939,4290217.00000000,10.71843864,0
1661904000000,0.00000243,0.00000243,0.00000234,0.00000240,3760956.00000000,1661990399999,8.94325968,1162,1544800.00000000,3.68038683,0
1661990400000,0.00000239,0.00000243,0.00000230,0.00000235,3439046.00000000,1662076799999,8.05720212,1212,1850678.00000000,4.35969809,0
1662076800000,0.00000235,0.00000237,0.00000230,0.00000234,11351312.00000000,1662163199999,26.58185186,3298,4290389.00000000,10.07011102,0
1662163200000,0.00000234,0.00000241,0.00000232,0.00000235,7393465.00000000,1662249599999,17.33454593,2059,3386539.00000000,7.96390625,0
1662249600000,0.00000235,0.00000238,0.00000232,0.00000235,3977658.00000000,1662335999999,9.34033605,1726,1846126.00000000,4.34457253,0
1662336000000,0.00000233,0.00000235,0.00000226,0.00000232,3216279.00000000,1662422399999,7.39449043,1412,1498912.00000000,3.45440397,0
1662422400000,0.00000232,0.00000236,0.00000229,0.00000231,4008107.00000000,1662508799999,9.28386190,2002,1901032.00000000,4.41252504,0
1662508800000,0.00000231,0.00000234,0.00000225,0.00000231,4048393.00000000,1662595199999,9.28031803,2291,1837091.00000000,4.21381928,0
1662595200000,0.00000230,0.00000359,0.00000228,0.00000262,84774842.00000000,1662681599999,231.00972780,30782,41640281.00000000,113.08319771,0
1662681600000,0.00000263,0.00000320,0.00000232,0.00000235,43645029.00000000,1662767999999,110.22571527,14464,18647171.00000000,47.17176228,0
1662768000000,0.00000234,0.00000255,0.00000226,0.00000227,17905791.00000000,1662854399999,42.09700413,5198,7980723.00000000,18.89678469,0
1662854400000,0.00000228,0.00000570,0.00000224,0.00000444,186805113.00000000,1662940799999,729.79441241,105433,96454951.00000000,376.00843885,0
1662940800000,0.00000443,0.00000751,0.00000401,0.00000434,189469450.00000000,1663027199999,1050.33892687,111999,90446279.00000000,506.15414768,0
1663027200000,0.00000433,0.00000469,0.00000359,0.00000393,83365381.00000000,1663113599999,335.10153012,32000,37776813.00000000,152.45945919,0
1663113600000,0.00000393,0.00000414,0.00000320,0.00000345,48835472.00000000,1663199999999,175.22573428,19387,22337866.00000000,80.41522956,0
1663200000000,0.00000346,0.00000537,0.00000322,0.00000430,124727820.00000000,1663286399999,552.70142366,58219,61322018.00000000,272.13511070,0
1663286400000,0.00000430,0.00000500,0.00000302,0.00000316,167585676.00000000,1663372799999,580.89857722,51494,79765506.00000000,276.66125901,0
1663372800000,0.00000317,0.00000332,0.00000300,0.00000312,56681351.00000000,1663459199999,177.81244724,18987,23981147.00000000,75.36839784,0
1663459200000,0.00000312,0.00000323,0.00000280,0.00000291,39765714.00000000,1663545599999,119.80795563,13228,17098471.00000000,51.65671558,0
1663545600000,0.00000291,0.00000310,0.00000285,0.00000298,33738782.00000000,1663631999999,100.12603792,11431,15106719.00000000,44.90972416,0
1663632000000,0.00000297,0.00000299,0.00000286,0.00000291,20729751.00000000,1663718399999,60.13887007,7078,9139134.00000000,26.53955522,0
1663718400000,0.00000291,0.00000347,0.00000275,0.00000300,107501007.00000000,1663804799999,328.39986724,35102,49434836.00000000,151.28125015,0
1663804800000,0.00000299,0.00000307,0.00000288,0.00000295,23681929.00000000,1663891199999,70.22947780,8418,11038787.00000000,32.78264970,0
1663891200000,0.00000294,0.00000304,0.00000285,0.00000288,19604124.00000000,1663977599999,56.98694581,6742,8960964.00000000,26.09138115,0
1663977600000,0.00000289,0.00000290,0.00000284,0.00000288,10190927.00000000,1664063999999,29.19933670,3524,3781060.00000000,10.84919072,0
1664064000000,0.00000288,0.00000289,0.00000281,0.00000282,5840348.00000000,1664150399999,16.56573175,2124,2814453.00000000,7.98419910,0
1664150400000,0.00000283,0.00000287,0.00000268,0.00000274,15972962.00000000,1664236799999,44.03279268,5834,7173972.00000000,19.81852565,0
1664236800000,0.00000274,0.00000292,0.00000265,0.00000284,15049290.00000000,1664323199999,41.58820546,5263,7367126.00000000,20.48367551,0
1664323200000,0.00000283,0.00000283,0.00000269,0.00000272,5600895.00000000,1664409599999,15.41660676,2217,2175469.00000000,5.99614880,0
1664409600000,0.00000272,0.00000272,0.00000264,0.00000267,7468388.00000000,1664495999999,20.01329893,2056,3191193.00000000,8.55936561,0
1664496000000,0.00000267,0.00000269,0.00000259,0.00000267,4657661.00000000,1664582399999,12.31326215,1756,2317965.00000000,6.12729904,0
1664582400000,0.00000268,0.00000304,0.00000266,0.00000275,18595048.00000000,1664668799999,52.12011861,6549,8291576.00000000,23.26187696,0
1664668800000,0.00000275,0.00000275,0.00000266,0.00000267,4366552.00000000,1664755199999,11.75848610,1479,1851647.00000000,4.98343005,0
1664755200000,0.00000268,0.00000268,0.00000262,0.00000264,6748293.00000000,1664841599999,17.89159749,2081,2458278.00000000,6.52533518,0
1664841600000,0.00000263,0.00000264,0.00000256,0.00000259,4453252.00000000,1664927999999,11.58459592,1482,1793752.00000000,4.66889284,0
1664928000000,0.00000259,0.00000260,0.00000255,0.00000257,4728741.00000000,1665014399999,12.16863185,1328,2000313.00000000,5.15247964,0
1665014400000,0.00000258,0.00000269,0.00000257,0.00000263,8626890.00000000,1665100799999,22.61658510,2365,4038349.00000000,10.59293126,0
1665100800000,0.00000263,0.00000267,0.00000258,0.00000266,3261878.00000000,1665187199999,8.54262399,1268,1791251.00000000,4.69809772,0
1665187200000,0.00000265,0.00000273,0.00000264,0.00000268,3255308.00000000,1665273599999,8.75485385,1108,1802602.00000000,4.85344935,0
1665273600000,0.00000268,0.00000274,0.00000266,0.00000272,1724350.00000000,1665359999999,4.64202858,735,887525.00000000,2.39627561,0
1665360000000,0.00000271,0.00000290,0.00000270,0.00000274,10428440.00000000,1665446399999,29.07186854,3613,5091189.00000000,14.21746701,0
1665446400000,0.00000275,0.00000276,0.00000257,0.00000261,5728420.00000000,1665532799999,15.12577660,1770,2981085.00000000,7.89195755,0
1665532800000,0.00000260,0.00000263,0.00000254,0.00000255,3790425.00000000,1665619199999,9.73673133,942,1259355.00000000,3.24245789,0
1665619200000,0.00000256,0.00000261,0.00000236,0.00000247,8796802.00000000,1665705599999,21.68909430,2438,3689258.00000000,9.11516528,0
1665705600000,0.00000247,0.00000252,0.00000242,0.00000249,5065967.00000000,1665791999999,12.45426837,1247,2416195.00000000,5.96190656,0
1665792000000,0.00000249,0.00000254,0.00000243,0.00000248,3826716.00000000,1665878399999,9.46374833,962,1756597.00000000,4.35102020,0
1665878400000,0.00000248,0.00000248,0.00000244,0.00000245,2018385.00000000,1665964799999,4.96695024,780,811951.00000000,2.00213353,0
1665964800000,0.00000245,0.00000324,0.00000241,0.00000257,47443406.00000000,1666051199999,129.06525383,13690,22951529.00000000,62.93308089,0
1666051200000,0.00000257,0.00000283,0.00000249,0.00000254,26860878.00000000,1666137599999,69.91732822,6809,12205450.00000000,31.91310029,0
1666137600000,0.00000254,0.00000261,0.00000244,0.00000246,6054445.00000000,1666223999999,15.12675088,1519,2269257.00000000,5.70610362,0
1666224000000,0.00000245,0.00000251,0.00000243,0.00000245,3657251.00000000,1666310399999,8.98617358,1068,1792142.00000000,4.41397422,0
1666310400000,0.00000245,0.00000246,0.00000237,0.00000243,3206225.00000000,1666396799999,7.73927838,970,947710.00000000,2.28978841,0
